0,0.0,5.0,5.0,0.0,5.0,5.0,10.0,13.0,-99.0,-99.0,1.0,1.0,1.0,1.0,1.0,1.0,0.0,1.0,1.0,1.0,1.0,1.0,0.0,1.0,1.0,1.0,0.0,0.0,0.0,1.0,1.0,0.0,0.0,26.0327197277
0,0.0,5.0,5.0,0.0,5.0,5.0,8.0,10.0,-99.0,-99.0,1.0,1.0,1.0,1.0,1.0,1.0,1.0,1.0,1.0,1.0,1.0,1.0,1.0,1.0,1.0,1.0,1.0,1.0,1.0,0.0,1.0,1.0,1.0,26.5003072292
0,0.0,5.0,5.0,0.0,5.0,5.0,-99.0,-99.0,-99.0,-99.0,1.0,1.0,0.0,0.0,1.0,0.0,1.0,1.0,0.0,1.0,1.0,0.0,0.0,1.0,1.0,0.0,0.0,0.0,1.0,0.0,0.0,0.0,0.0,26.6405949381
0,0.0,5.0,5.0,0.0,5.0,5.0,-99.0,-99.0,-99.0,-99.0,1.0,1.0,1.0,0.0,1.0,0.0,1.0,1.0,0.0,0.0,1.0,0.0,0.0,0.0,0.0,0.0,0.0,0.0,0.0,0.0,0.0,0.0,0.0,29.6221464656
0,0.0,5.0,5.0,0.0,5.0,5.0,10.0,9.0,-99.0,-99.0,1.0,1.0,1.0,1.0,1.0,1.0,1.0,0.0,1.0,1.0,1.0,0.0,1.0,1.0,1.0,0.0,0.0,1.0,0.0,0.0,0.0,0.0,0.0,38.3011882697
0,0.0,5.0,5.0,0.0,5.0,5.0,-99.0,-99.0,-99.0,-99.0,1.0,1.0,0.0,1.0,0.0,0.0,1.0,0.0,0.0,0.0,1.0,0.0,0.0,0.0,0.0,0.0,0.0,0.0,0.0,0.0,0.0,0.0,0.0,28.4974
0,0.0,5.0,5.0,0.0,5.0,5.0,14.0,14.0,-99.0,-99.0,1.0,1.0,0.0,1.0,0.0,1.0,0.0,0.0,0.0,1.0,1.0,0.0,0.0,0.0,1.0,1.0,0.0,0.0,0.0,0.0,1.0,0.0,0.0,31.7035502243
0,0.0,5.0,5.0,0.0,5.0,5.0,16.0,17.0,-99.0,-99.0,1.0,1.0,0.0,0.0,1.0,0.0,1.0,1.0,0.0,1.0,1.0,1.0,0.0,1.0,1.0,1.0,0.0,0.0,1.0,0.0,0.0,0.0,0.0,26.1250242177
0,0.0,5.0,5.0,0.0,5.0,5.0,-99.0,-99.0,-99.0,-99.0,1.0,1.0,0.0,1.0,1.0,1.0,1.0,0.0,1.0,1.0,1.0,1.0,1.0,1.0,1.0,1.0,1.0,1.0,1.0,1.0,1.0,1.0,1.0,30.7655226515
0,0.0,5.0,5.0,0.0,5.0,5.0,-99.0,-99.0,-99.0,-99.0,1.0,1.0,1.0,1.0,1.0,1.0,1.0,1.0,1.0,1.0,1.0,1.0,1.0,1.0,1.0,0.0,1.0,1.0,0.0,0.0,0.0,1.0,1.0,27.2430104701
0,0.0,5.0,5.0,0.0,5.0,5.0,18.0,18.0,-99.0,-99.0,1.0,1.0,1.0,0.0,1.0,0.0,1.0,1.0,0.0,0.0,1.0,1.0,0.0,0.0,0.0,1.0,0.0,0.0,0.0,0.0,1.0,0.0,0.0,26.0222589846
0,1.0,4.0,4.0,1.0,4.0,4.0,-99.0,-99.0,-99.0,-99.0,0.0,1.0,1.0,1.0,1.0,1.0,1.0,1.0,1.0,1.0,1.0,1.0,1.0,1.0,1.0,1.0,0.0,1.0,0.0,1.0,1.0,0.0,0.0,25.9966609546
0,2.0,2.0,4.0,2.0,2.0,4.0,8.0,15.0,-99.0,-99.0,1.0,1.0,0.0,1.0,0.0,0.0,0.0,0.0,0.0,0.0,0.0,0.0,0.0,0.0,0.0,0.0,0.0,0.0,0.0,0.0,0.0,0.0,0.0,-7.11193619654
0,2.0,2.0,4.0,2.0,2.0,4.0,7.0,7.0,-99.0,-99.0,1.0,1.0,1.0,1.0,1.0,1.0,1.0,0.0,1.0,1.0,1.0,0.0,1.0,1.0,1.0,0.0,0.0,1.0,1.0,0.0,0.0,0.0,0.0,15.9951046291
0,2.0,2.0,4.0,2.0,2.0,4.0,10.0,11.0,-99.0,-99.0,1.0,1.0,1.0,1.0,1.0,0.0,0.0,1.0,0.0,0.0,0.0,1.0,0.0,0.0,0.0,1.0,0.0,0.0,0.0,0.0,1.0,0.0,0.0,19.262160014
0,0.0,5.0,7.0,0.0,5.0,7.0,12.0,18.0,-99.0,-99.0,1.0,1.0,0.0,0.0,1.0,0.0,1.0,1.0,0.0,1.0,1.0,1.0,0.0,1.0,1.0,1.0,1.0,0.0,1.0,0.0,0.0,1.0,1.0,15.9919749773
0,0.0,5.0,7.0,0.0,5.0,7.0,-99.0,-99.0,-99.0,-99.0,1.0,1.0,1.0,1.0,1.0,1.0,1.0,1.0,0.0,1.0,1.0,1.0,0.0,1.0,1.0,1.0,0.0,0.0,0.0,0.0,1.0,0.0,0.0,17.3186008964
0,0.0,5.0,7.0,0.0,5.0,7.0,15.0,23.0,-99.0,-99.0,1.0,1.0,1.0,0.0,1.0,0.0,1.0,1.0,0.0,0.0,1.0,1.0,0.0,0.0,0.0,0.0,0.0,0.0,0.0,0.0,0.0,0.0,0.0,28.56030784
0,0.0,5.0,7.0,0.0,5.0,7.0,16.0,22.0,-99.0,-99.0,1.0,1.0,0.0,1.0,0.0,1.0,1.0,1.0,1.0,1.0,1.0,1.0,0.0,1.0,1.0,0.0,1.0,0.0,1.0,1.0,0.0,1.0,0.0,15.9974
0,2.0,8.0,2.0,2.0,8.0,2.0,13.0,6.0,-99.0,-99.0,1.0,1.0,0.0,0.0,1.0,0.0,0.0,1.0,1.0,1.0,0.0,1.0,1.0,1.0,1.0,1.0,0.0,0.0,1.0,1.0,1.0,0.0,0.0,26.0898140069
0,2.0,8.0,2.0,2.0,8.0,2.0,14.0,7.0,-99.0,-99.0,1.0,1.0,1.0,1.0,1.0,1.0,1.0,1.0,1.0,1.0,1.0,1.0,1.0,1.0,1.0,1.0,1.0,1.0,1.0,0.0,1.0,1.0,1.0,26.4493684164
0,2.0,8.0,2.0,2.0,8.0,2.0,-99.0,-99.0,-99.0,-99.0,1.0,1.0,1.0,1.0,1.0,1.0,0.0,1.0,1.0,0.0,1.0,1.0,0.0,1.0,1.0,1.0,1.0,0.0,1.0,1.0,1.0,1.0,1.0,42.1101148558
0,2.0,8.0,2.0,2.0,8.0,2.0,17.0,10.0,-99.0,-99.0,1.0,1.0,0.0,1.0,0.0,0.0,1.0,0.0,1.0,1.0,1.0,0.0,1.0,1.0,0.0,0.0,0.0,0.0,1.0,0.0,0.0,0.0,0.0,26.9336159576
0,2.0,8.0,2.0,2.0,8.0,2.0,16.0,10.0,-99.0,-99.0,1.0,1.0,0.0,1.0,0.0,0.0,1.0,0.0,1.0,1.0,1.0,0.0,0.0,1.0,0.0,0.0,0.0,0.0,1.0,0.0,0.0,0.0,0.0,41.4546021571
0,2.0,8.0,2.0,2.0,8.0,2.0,-99.0,-99.0,12.0,6.0,1.0,1.0,0.0,0.0,0.0,0.0,0.0,1.0,0.0,0.0,0.0,1.0,0.0,1.0,1.0,1.0,0.0,0.0,1.0,0.0,1.0,0.0,0.0,31.4282139076
0,2.0,7.0,4.0,2.0,7.0,4.0,-99.0,-99.0,-99.0,-99.0,1.0,1.0,0.0,0.0,0.0,0.0,0.0,0.0,0.0,0.0,0.0,0.0,0.0,0.0,0.0,0.0,0.0,0.0,0.0,0.0,0.0,0.0,0.0,39.6077942115
0,2.0,6.0,7.0,2.0,6.0,7.0,-99.0,-99.0,12.0,14.0,1.0,1.0,0.0,0.0,0.0,0.0,0.0,1.0,0.0,0.0,0.0,1.0,0.0,0.0,0.0,0.0,1.0,0.0,0.0,0.0,0.0,0.0,1.0,25.9974
0,3.0,1.0,4.0,3.0,1.0,4.0,4.0,14.0,-99.0,-99.0,1.0,1.0,0.0,0.0,1.0,0.0,0.0,1.0,0.0,0.0,0.0,1.0,0.0,0.0,0.0,1.0,0.0,0.0,0.0,0.0,1.0,0.0,0.0,57.2347331557
0,3.0,1.0,4.0,3.0,1.0,4.0,7.0,12.0,-99.0,-99.0,1.0,1.0,1.0,1.0,1.0,1.0,1.0,1.0,1.0,1.0,1.0,1.0,1.0,0.0,1.0,1.0,1.0,0.0,0.0,0.0,1.0,1.0,1.0,26.5979684107
0,3.0,1.0,4.0,3.0,1.0,4.0,-99.0,-99.0,-99.0,-99.0,1.0,1.0,1.0,1.0,0.0,1.0,0.0,0.0,1.0,0.0,0.0,0.0,1.0,1.0,0.0,0.0,0.0,0.0,1.0,0.0,0.0,0.0,0.0,33.7080759583
0,3.0,1.0,4.0,3.0,1.0,4.0,8.0,16.0,-99.0,-99.0,1.0,1.0,1.0,1.0,1.0,1.0,1.0,1.0,1.0,1.0,1.0,0.0,1.0,1.0,0.0,0.0,0.0,1.0,1.0,0.0,0.0,0.0,0.0,16.8978122529
0,3.0,1.0,4.0,3.0,1.0,4.0,4.0,14.0,-99.0,-99.0,1.0,1.0,0.0,0.0,0.0,0.0,0.0,0.0,0.0,0.0,0.0,0.0,0.0,0.0,0.0,0.0,0.0,0.0,0.0,0.0,0.0,0.0,0.0,96.1608061792
0,3.0,1.0,4.0,3.0,1.0,4.0,6.0,14.0,-99.0,-99.0,1.0,1.0,1.0,1.0,1.0,0.0,0.0,1.0,0.0,0.0,0.0,1.0,0.0,0.0,0.0,1.0,0.0,0.0,0.0,0.0,1.0,0.0,0.0,20.2452660557
0,3.0,1.0,4.0,3.0,1.0,4.0,4.0,14.0,-99.0,-99.0,1.0,1.0,0.0,1.0,0.0,1.0,1.0,1.0,1.0,1.0,1.0,1.0,0.0,1.0,1.0,0.0,1.0,0.0,1.0,1.0,0.0,1.0,0.0,26.0191018259
0,3.0,1.0,4.0,3.0,1.0,4.0,6.0,16.0,-99.0,-99.0,1.0,1.0,0.0,0.0,0.0,0.0,0.0,1.0,1.0,1.0,0.0,1.0,1.0,1.0,1.0,1.0,1.0,1.0,1.0,0.0,1.0,0.0,1.0,31.7821656654
0,0.0,2.0,5.0,0.0,2.0,5.0,-99.0,-99.0,-99.0,-99.0,1.0,1.0,1.0,0.0,1.0,0.0,0.0,1.0,0.0,0.0,0.0,0.0,0.0,0.0,0.0,0.0,0.0,0.0,0.0,0.0,0.0,0.0,0.0,18.2037766555
0,0.0,2.0,5.0,0.0,2.0,5.0,10.0,9.0,-99.0,-99.0,1.0,1.0,1.0,1.0,1.0,1.0,1.0,1.0,1.0,1.0,1.0,1.0,0.0,0.0,1.0,1.0,1.0,0.0,0.0,1.0,1.0,1.0,1.0,6.33199707759
0,0.0,2.0,5.0,0.0,2.0,5.0,10.0,18.0,-99.0,-99.0,1.0,1.0,0.0,0.0,1.0,0.0,0.0,1.0,0.0,0.0,0.0,1.0,0.0,0.0,0.0,1.0,0.0,0.0,0.0,0.0,1.0,0.0,0.0,15.9974
0,0.0,2.0,5.0,0.0,2.0,5.0,-99.0,-99.0,-99.0,-99.0,1.0,1.0,1.0,0.0,1.0,0.0,0.0,0.0,0.0,0.0,0.0,0.0,0.0,0.0,0.0,0.0,0.0,0.0,0.0,0.0,0.0,0.0,0.0,26.5755856864
0,0.0,2.0,5.0,0.0,2.0,5.0,-99.0,-99.0,-99.0,-99.0,1.0,1.0,0.0,0.0,1.0,0.0,0.0,0.0,0.0,0.0,0.0,0.0,0.0,0.0,0.0,0.0,0.0,0.0,0.0,0.0,0.0,0.0,0.0,18.4185608188
0,3.0,8.0,2.0,3.0,8.0,2.0,22.0,12.0,-99.0,-99.0,1.0,1.0,0.0,0.0,0.0,0.0,1.0,1.0,0.0,1.0,1.0,0.0,0.0,1.0,1.0,0.0,0.0,0.0,1.0,0.0,0.0,0.0,0.0,15.9974
0,3.0,8.0,2.0,3.0,8.0,2.0,24.0,11.0,-99.0,-99.0,1.0,1.0,1.0,1.0,0.0,1.0,0.0,0.0,1.0,0.0,0.0,0.0,1.0,1.0,0.0,0.0,0.0,1.0,1.0,0.0,0.0,0.0,0.0,6.99506
0,1.0,7.0,6.0,1.0,7.0,6.0,16.0,13.0,-99.0,-99.0,1.0,1.0,1.0,1.0,1.0,1.0,0.0,1.0,1.0,1.0,1.0,0.0,0.0,1.0,1.0,1.0,0.0,0.0,1.0,1.0,1.0,1.0,0.0,16.0047425462
0,2.0,6.0,3.0,2.0,6.0,3.0,-99.0,-99.0,-99.0,-99.0,1.0,1.0,0.0,0.0,0.0,0.0,0.0,1.0,0.0,1.0,0.0,1.0,0.0,1.0,1.0,1.0,1.0,0.0,1.0,0.0,1.0,0.0,1.0,32.3244672307
0,2.0,6.0,3.0,2.0,6.0,3.0,-99.0,-99.0,-99.0,-99.0,1.0,1.0,1.0,1.0,1.0,1.0,1.0,1.0,0.0,1.0,1.0,0.0,0.0,1.0,1.0,0.0,0.0,0.0,0.0,1.0,0.0,0.0,0.0,38.0107999128
0,2.0,6.0,3.0,2.0,6.0,3.0,-99.0,-99.0,10.0,8.0,1.0,1.0,0.0,1.0,0.0,1.0,0.0,0.0,1.0,0.0,0.0,0.0,0.0,1.0,0.0,0.0,0.0,0.0,0.0,0.0,0.0,0.0,0.0,25.9974
0,2.0,6.0,3.0,2.0,6.0,3.0,-99.0,-99.0,-99.0,-99.0,1.0,1.0,0.0,1.0,0.0,0.0,1.0,0.0,0.0,1.0,1.0,0.0,0.0,1.0,0.0,0.0,0.0,0.0,0.0,0.0,0.0,0.0,0.0,33.0995398762
0,2.0,6.0,3.0,2.0,6.0,3.0,15.0,11.0,-99.0,-99.0,1.0,1.0,0.0,1.0,0.0,1.0,0.0,1.0,1.0,1.0,0.0,1.0,0.0,1.0,1.0,1.0,1.0,0.0,1.0,1.0,0.0,0.0,1.0,28.9060794547
0,2.0,6.0,3.0,2.0,6.0,3.0,15.0,9.0,-99.0,-99.0,1.0,1.0,0.0,0.0,0.0,0.0,0.0,1.0,0.0,0.0,0.0,1.0,0.0,1.0,1.0,1.0,0.0,0.0,0.0,1.0,1.0,1.0,0.0,28.9788320682
0,2.0,6.0,3.0,2.0,6.0,3.0,19.0,12.0,-99.0,-99.0,1.0,1.0,1.0,1.0,0.0,0.0,1.0,1.0,0.0,1.0,1.0,0.0,0.0,1.0,1.0,1.0,0.0,0.0,1.0,1.0,1.0,0.0,0.0,28.7988086826
0,2.0,6.0,3.0,2.0,6.0,3.0,15.0,9.0,-99.0,-99.0,1.0,1.0,0.0,1.0,0.0,1.0,0.0,0.0,1.0,1.0,0.0,0.0,0.0,1.0,0.0,0.0,0.0,0.0,1.0,0.0,0.0,0.0,0.0,25.994774312
0,2.0,6.0,3.0,2.0,6.0,3.0,-99.0,-99.0,-99.0,-99.0,1.0,1.0,1.0,1.0,1.0,1.0,1.0,1.0,1.0,1.0,1.0,1.0,1.0,1.0,1.0,0.0,1.0,1.0,1.0,1.0,1.0,1.0,0.0,25.9128476572
0,2.0,6.0,3.0,2.0,6.0,3.0,19.0,14.0,-99.0,-99.0,1.0,1.0,0.0,1.0,0.0,0.0,1.0,0.0,0.0,1.0,1.0,0.0,1.0,1.0,1.0,0.0,0.0,0.0,1.0,0.0,0.0,0.0,0.0,30.742495234
0,2.0,6.0,3.0,2.0,6.0,3.0,10.0,8.0,-99.0,-99.0,0.0,1.0,1.0,1.0,1.0,1.0,1.0,1.0,1.0,1.0,1.0,1.0,1.0,1.0,1.0,1.0,0.0,1.0,0.0,1.0,1.0,0.0,0.0,24.99351935
0,2.0,6.0,3.0,2.0,6.0,3.0,-99.0,-99.0,-99.0,-99.0,1.0,1.0,0.0,0.0,0.0,0.0,0.0,1.0,0.0,1.0,0.0,1.0,0.0,1.0,1.0,1.0,1.0,0.0,0.0,0.0,1.0,0.0,1.0,26.4880008213
0,2.0,5.0,3.0,2.0,5.0,3.0,23.0,16.0,-99.0,-99.0,1.0,1.0,0.0,0.0,0.0,0.0,0.0,1.0,1.0,1.0,0.0,1.0,0.0,1.0,1.0,1.0,0.0,0.0,0.0,0.0,1.0,0.0,0.0,25.9974
0,1.0,8.0,2.0,1.0,8.0,2.0,22.0,12.0,-99.0,-99.0,1.0,1.0,1.0,1.0,0.0,1.0,0.0,0.0,1.0,0.0,0.0,0.0,1.0,1.0,0.0,0.0,0.0,0.0,1.0,0.0,0.0,0.0,0.0,15.992720234
0,3.0,8.0,4.0,3.0,8.0,4.0,16.0,10.0,-99.0,-99.0,1.0,1.0,0.0,1.0,0.0,1.0,0.0,1.0,1.0,1.0,0.0,1.0,1.0,1.0,1.0,1.0,1.0,1.0,1.0,1.0,1.0,0.0,1.0,17.2804047264
0,3.0,8.0,4.0,3.0,8.0,4.0,-99.0,-99.0,-99.0,-99.0,1.0,1.0,0.0,0.0,0.0,0.0,0.0,0.0,0.0,0.0,0.0,0.0,0.0,0.0,0.0,0.0,0.0,0.0,0.0,0.0,0.0,0.0,0.0,125.737514832
0,3.0,8.0,4.0,3.0,8.0,4.0,16.0,11.0,-99.0,-99.0,1.0,1.0,0.0,1.0,1.0,1.0,1.0,1.0,1.0,0.0,1.0,0.0,0.0,1.0,0.0,0.0,0.0,0.0,1.0,1.0,0.0,0.0,0.0,16.0262869855
0,3.0,8.0,4.0,3.0,8.0,4.0,-99.0,-99.0,11.0,8.0,1.0,1.0,0.0,0.0,0.0,0.0,0.0,1.0,0.0,0.0,0.0,1.0,0.0,0.0,1.0,1.0,0.0,0.0,0.0,1.0,1.0,0.0,0.0,19.7717683381
0,2.0,6.0,1.0,2.0,6.0,1.0,17.0,9.0,-99.0,-99.0,1.0,1.0,0.0,1.0,0.0,1.0,0.0,1.0,1.0,1.0,0.0,1.0,1.0,1.0,1.0,1.0,1.0,0.0,1.0,1.0,0.0,0.0,1.0,18.49506
0,2.0,6.0,1.0,2.0,6.0,1.0,15.0,7.0,-99.0,-99.0,1.0,1.0,0.0,0.0,0.0,0.0,0.0,1.0,1.0,1.0,0.0,1.0,1.0,1.0,1.0,1.0,0.0,0.0,0.0,1.0,1.0,0.0,0.0,18.74689026
0,2.0,6.0,1.0,2.0,6.0,1.0,12.0,7.0,-99.0,-99.0,1.0,1.0,1.0,1.0,1.0,1.0,1.0,1.0,1.0,1.0,1.0,0.0,1.0,1.0,1.0,0.0,0.0,1.0,0.0,1.0,0.0,0.0,0.0,15.995991071
0,2.0,6.0,1.0,2.0,6.0,1.0,11.0,5.0,-99.0,-99.0,0.0,0.0,0.0,1.0,1.0,1.0,1.0,1.0,1.0,1.0,0.0,1.0,1.0,1.0,1.0,1.0,1.0,1.0,1.0,1.0,1.0,1.0,1.0,25.2782779922
0,2.0,6.0,1.0,2.0,6.0,1.0,14.0,7.0,-99.0,-99.0,1.0,1.0,0.0,1.0,1.0,0.0,0.0,1.0,0.0,1.0,0.0,1.0,1.0,1.0,1.0,1.0,0.0,1.0,1.0,0.0,1.0,0.0,0.0,18.5464928165
0,2.0,6.0,1.0,2.0,6.0,1.0,18.0,8.0,-99.0,-99.0,1.0,1.0,0.0,0.0,1.0,0.0,0.0,1.0,1.0,1.0,0.0,1.0,1.0,1.0,1.0,1.0,0.0,1.0,1.0,0.0,1.0,0.0,0.0,19.5122302701
0,2.0,6.0,1.0,2.0,6.0,1.0,12.0,5.0,-99.0,-99.0,1.0,1.0,0.0,0.0,0.0,0.0,0.0,1.0,1.0,1.0,0.0,1.0,1.0,1.0,1.0,1.0,0.0,1.0,0.0,0.0,1.0,0.0,0.0,68.4974
0,1.0,2.0,4.0,1.0,2.0,4.0,11.0,13.0,-99.0,-99.0,1.0,1.0,1.0,1.0,0.0,0.0,0.0,1.0,0.0,0.0,0.0,0.0,0.0,0.0,0.0,0.0,0.0,0.0,0.0,0.0,0.0,0.0,0.0,29.1732880065
0,1.0,2.0,4.0,1.0,2.0,4.0,6.0,10.0,-99.0,-99.0,1.0,1.0,1.0,1.0,0.0,1.0,0.0,0.0,1.0,1.0,0.0,0.0,1.0,1.0,1.0,0.0,0.0,1.0,1.0,1.0,0.0,0.0,0.0,37.3232318086
0,1.0,2.0,4.0,1.0,2.0,4.0,-99.0,-99.0,-99.0,-99.0,1.0,1.0,0.0,1.0,1.0,1.0,0.0,0.0,1.0,1.0,0.0,0.0,1.0,1.0,0.0,0.0,0.0,1.0,1.0,1.0,0.0,0.0,0.0,28.971431494
0,1.0,2.0,4.0,1.0,2.0,4.0,7.0,8.0,-99.0,-99.0,1.0,1.0,1.0,1.0,1.0,1.0,1.0,1.0,1.0,1.0,1.0,1.0,1.0,1.0,1.0,1.0,1.0,1.0,1.0,0.0,1.0,1.0,1.0,18.1545748676
0,1.0,2.0,4.0,1.0,2.0,4.0,10.0,10.0,-99.0,-99.0,1.0,1.0,0.0,1.0,1.0,1.0,1.0,1.0,1.0,1.0,0.0,1.0,1.0,1.0,0.0,0.0,1.0,0.0,1.0,1.0,0.0,1.0,1.0,26.0092213995
0,1.0,2.0,4.0,1.0,2.0,4.0,-99.0,-99.0,-99.0,-99.0,1.0,1.0,1.0,1.0,1.0,1.0,1.0,1.0,0.0,1.0,1.0,0.0,0.0,1.0,1.0,0.0,0.0,0.0,0.0,1.0,0.0,0.0,0.0,26.2253367808
0,1.0,2.0,4.0,1.0,2.0,4.0,7.0,10.0,-99.0,-99.0,1.0,1.0,0.0,1.0,0.0,0.0,0.0,0.0,0.0,0.0,0.0,0.0,0.0,0.0,0.0,0.0,0.0,0.0,0.0,0.0,0.0,0.0,0.0,20.6197941748
0,1.0,5.0,5.0,1.0,5.0,5.0,10.0,8.0,-99.0,-99.0,1.0,1.0,1.0,1.0,0.0,1.0,1.0,0.0,1.0,1.0,1.0,0.0,0.0,1.0,1.0,0.0,0.0,0.0,0.0,0.0,1.0,0.0,0.0,28.4974
0,1.0,5.0,5.0,1.0,5.0,5.0,11.0,10.0,-99.0,-99.0,0.0,1.0,1.0,1.0,1.0,1.0,1.0,1.0,1.0,1.0,1.0,1.0,1.0,1.0,1.0,1.0,0.0,1.0,0.0,0.0,1.0,0.0,0.0,25.992460494
0,1.0,5.0,5.0,1.0,5.0,5.0,11.0,10.0,-99.0,-99.0,0.0,1.0,1.0,1.0,1.0,1.0,1.0,1.0,1.0,1.0,1.0,0.0,1.0,1.0,1.0,0.0,0.0,1.0,0.0,1.0,0.0,0.0,0.0,32.5739620337
0,1.0,5.0,5.0,1.0,5.0,5.0,14.0,16.0,-99.0,-99.0,1.0,1.0,0.0,1.0,0.0,1.0,1.0,1.0,0.0,1.0,1.0,1.0,0.0,0.0,1.0,0.0,1.0,0.0,0.0,1.0,1.0,1.0,1.0,18.4974
0,1.0,5.0,5.0,1.0,5.0,5.0,-99.0,-99.0,-99.0,-99.0,1.0,1.0,0.0,0.0,0.0,0.0,1.0,1.0,0.0,0.0,1.0,0.0,0.0,0.0,0.0,0.0,0.0,0.0,0.0,0.0,0.0,0.0,0.0,25.9974
0,1.0,5.0,5.0,1.0,5.0,5.0,-99.0,-99.0,-99.0,-99.0,1.0,1.0,1.0,1.0,1.0,0.0,0.0,1.0,0.0,1.0,1.0,1.0,0.0,1.0,1.0,1.0,0.0,0.0,0.0,1.0,1.0,0.0,0.0,27.2371830304
0,3.0,2.0,4.0,3.0,2.0,4.0,9.0,12.0,-99.0,-99.0,1.0,1.0,0.0,1.0,0.0,0.0,0.0,1.0,1.0,1.0,0.0,1.0,1.0,1.0,1.0,1.0,1.0,1.0,1.0,0.0,1.0,0.0,1.0,28.4974
0,3.0,2.0,4.0,3.0,2.0,4.0,10.0,11.0,-99.0,-99.0,1.0,1.0,1.0,1.0,1.0,1.0,0.0,1.0,1.0,0.0,1.0,1.0,1.0,1.0,1.0,1.0,1.0,1.0,1.0,1.0,1.0,1.0,1.0,26.7635988159
0,3.0,2.0,4.0,3.0,2.0,4.0,8.0,15.0,-99.0,-99.0,1.0,1.0,0.0,1.0,0.0,0.0,0.0,0.0,0.0,0.0,0.0,0.0,0.0,0.0,0.0,0.0,0.0,0.0,0.0,0.0,0.0,0.0,0.0,54.3928610345
0,3.0,2.0,4.0,3.0,2.0,4.0,-99.0,-99.0,-99.0,-99.0,1.0,1.0,1.0,1.0,0.0,1.0,0.0,0.0,1.0,0.0,0.0,0.0,1.0,1.0,0.0,0.0,0.0,0.0,1.0,0.0,0.0,0.0,0.0,26.4217822791
0,3.0,2.0,4.0,3.0,2.0,4.0,11.0,15.0,-99.0,-99.0,1.0,1.0,1.0,1.0,1.0,0.0,0.0,1.0,0.0,0.0,0.0,1.0,0.0,0.0,0.0,1.0,0.0,0.0,0.0,0.0,1.0,0.0,0.0,60.6485532361
0,3.0,2.0,4.0,3.0,2.0,4.0,10.0,11.0,-99.0,-99.0,1.0,1.0,1.0,1.0,1.0,0.0,1.0,0.0,1.0,1.0,1.0,0.0,1.0,1.0,1.0,0.0,0.0,1.0,1.0,0.0,0.0,0.0,0.0,33.1343833204
0,3.0,2.0,4.0,3.0,2.0,4.0,-99.0,-99.0,-99.0,-99.0,1.0,1.0,0.0,1.0,0.0,1.0,0.0,0.0,0.0,0.0,0.0,0.0,0.0,0.0,0.0,0.0,0.0,0.0,0.0,0.0,0.0,0.0,0.0,26.331288638
0,3.0,2.0,4.0,3.0,2.0,4.0,-99.0,-99.0,-99.0,-99.0,1.0,1.0,0.0,1.0,1.0,1.0,1.0,1.0,1.0,0.0,1.0,0.0,0.0,1.0,0.0,0.0,0.0,0.0,1.0,1.0,0.0,0.0,0.0,26.1838046592
0,3.0,2.0,4.0,3.0,2.0,4.0,10.0,11.0,-99.0,-99.0,1.0,1.0,1.0,1.0,1.0,1.0,1.0,1.0,1.0,1.0,1.0,0.0,1.0,1.0,0.0,0.0,0.0,1.0,1.0,0.0,0.0,0.0,0.0,26.5787858597
0,3.0,2.0,4.0,3.0,2.0,4.0,-99.0,-99.0,-99.0,-99.0,1.0,1.0,0.0,1.0,1.0,1.0,1.0,1.0,1.0,1.0,0.0,1.0,1.0,1.0,1.0,1.0,1.0,1.0,1.0,1.0,1.0,1.0,1.0,26.005373593
0,3.0,2.0,4.0,3.0,2.0,4.0,7.0,9.0,-99.0,-99.0,1.0,1.0,1.0,1.0,1.0,0.0,1.0,1.0,1.0,0.0,1.0,1.0,0.0,1.0,1.0,1.0,1.0,0.0,0.0,1.0,1.0,1.0,1.0,33.9607154743
0,3.0,2.0,4.0,3.0,2.0,4.0,-99.0,-99.0,-99.0,-99.0,1.0,1.0,0.0,1.0,1.0,0.0,1.0,1.0,0.0,0.0,1.0,0.0,0.0,0.0,0.0,0.0,0.0,0.0,0.0,0.0,0.0,0.0,0.0,34.7366450778
0,3.0,2.0,4.0,3.0,2.0,4.0,7.0,9.0,-99.0,-99.0,1.0,1.0,1.0,1.0,1.0,1.0,1.0,1.0,1.0,1.0,1.0,1.0,1.0,0.0,1.0,1.0,1.0,0.0,0.0,0.0,1.0,1.0,1.0,26.0353418741
0,2.0,5.0,7.0,2.0,5.0,7.0,18.0,21.0,-99.0,-99.0,1.0,1.0,0.0,0.0,1.0,0.0,1.0,1.0,0.0,1.0,1.0,1.0,0.0,1.0,1.0,1.0,0.0,0.0,1.0,0.0,0.0,0.0,0.0,25.99506
0,2.0,5.0,7.0,2.0,5.0,7.0,12.0,11.0,-99.0,-99.0,1.0,1.0,1.0,1.0,0.0,1.0,0.0,0.0,1.0,1.0,0.0,1.0,0.0,0.0,1.0,1.0,1.0,0.0,0.0,1.0,1.0,1.0,1.0,31.0793566318
0,2.0,5.0,7.0,2.0,5.0,7.0,-99.0,-99.0,-99.0,-99.0,0.0,1.0,1.0,1.0,1.0,1.0,1.0,1.0,1.0,1.0,0.0,1.0,1.0,1.0,1.0,1.0,1.0,0.0,1.0,1.0,0.0,0.0,1.0,15.9871397159
0,2.0,5.0,7.0,2.0,5.0,7.0,10.0,17.0,12.0,13.0,1.0,1.0,0.0,0.0,0.0,0.0,0.0,1.0,0.0,0.0,0.0,1.0,0.0,0.0,0.0,1.0,1.0,0.0,0.0,0.0,0.0,0.0,1.0,25.9988807022
0,0.0,8.0,8.0,0.0,8.0,8.0,14.0,14.0,-99.0,-99.0,1.0,1.0,1.0,1.0,1.0,1.0,1.0,1.0,1.0,1.0,1.0,1.0,1.0,1.0,1.0,0.0,1.0,1.0,0.0,0.0,0.0,1.0,1.0,7.83496638549
0,0.0,8.0,8.0,0.0,8.0,8.0,-99.0,-99.0,12.0,12.0,1.0,1.0,0.0,0.0,0.0,0.0,0.0,1.0,0.0,0.0,0.0,1.0,0.0,0.0,0.0,1.0,1.0,0.0,0.0,0.0,0.0,0.0,1.0,7.49776883935
0,1.0,5.0,7.0,1.0,5.0,7.0,-99.0,-99.0,-99.0,-99.0,1.0,1.0,1.0,1.0,1.0,1.0,0.0,1.0,1.0,1.0,0.0,1.0,1.0,1.0,1.0,1.0,1.0,1.0,1.0,0.0,1.0,1.0,1.0,27.0386417686
0,1.0,5.0,7.0,1.0,5.0,7.0,13.0,13.0,-99.0,-99.0,1.0,1.0,0.0,0.0,1.0,0.0,1.0,1.0,0.0,1.0,1.0,1.0,0.0,1.0,1.0,1.0,0.0,0.0,1.0,0.0,0.0,0.0,0.0,40.6786133511
0,1.0,5.0,7.0,1.0,5.0,7.0,8.0,11.0,-99.0,-99.0,1.0,1.0,1.0,1.0,1.0,1.0,1.0,1.0,1.0,1.0,1.0,1.0,1.0,1.0,1.0,0.0,0.0,1.0,1.0,0.0,0.0,0.0,0.0,36.6355350121
0,1.0,5.0,7.0,1.0,5.0,7.0,11.0,13.0,-99.0,-99.0,1.0,1.0,0.0,1.0,1.0,1.0,1.0,0.0,1.0,1.0,1.0,1.0,1.0,1.0,1.0,1.0,1.0,1.0,1.0,1.0,1.0,1.0,1.0,25.9211586292
0,1.0,5.0,7.0,1.0,5.0,7.0,-99.0,-99.0,-99.0,-99.0,1.0,1.0,0.0,0.0,1.0,0.0,1.0,1.0,0.0,1.0,1.0,1.0,0.0,1.0,1.0,1.0,1.0,0.0,1.0,0.0,0.0,1.0,0.0,26.5979703455
0,1.0,5.0,7.0,1.0,5.0,7.0,-99.0,-99.0,-99.0,-99.0,1.0,1.0,0.0,0.0,1.0,0.0,0.0,1.0,0.0,0.0,0.0,1.0,0.0,0.0,0.0,0.0,0.0,0.0,0.0,0.0,0.0,0.0,0.0,39.7275016823
0,2.0,5.0,5.0,2.0,5.0,5.0,15.0,19.0,-99.0,-99.0,1.0,1.0,0.0,0.0,0.0,0.0,1.0,1.0,0.0,0.0,1.0,0.0,0.0,0.0,1.0,0.0,0.0,0.0,0.0,0.0,0.0,0.0,0.0,16.029256939
0,2.0,5.0,5.0,2.0,5.0,5.0,10.0,9.0,-99.0,-99.0,1.0,1.0,1.0,1.0,1.0,1.0,1.0,1.0,1.0,0.0,1.0,1.0,0.0,0.0,0.0,1.0,0.0,0.0,0.0,0.0,1.0,1.0,0.0,25.9974
0,2.0,5.0,5.0,2.0,5.0,5.0,-99.0,-99.0,-99.0,-99.0,1.0,1.0,0.0,0.0,1.0,0.0,0.0,1.0,0.0,0.0,1.0,0.0,0.0,0.0,0.0,0.0,0.0,0.0,0.0,0.0,0.0,0.0,0.0,30.74506
0,2.0,5.0,5.0,2.0,5.0,5.0,8.0,10.0,-99.0,-99.0,1.0,1.0,1.0,1.0,1.0,1.0,1.0,1.0,1.0,1.0,1.0,1.0,1.0,1.0,1.0,1.0,1.0,1.0,1.0,0.0,1.0,1.0,1.0,26.0089257521
0,2.0,5.0,5.0,2.0,5.0,5.0,-99.0,-99.0,-99.0,-99.0,1.0,1.0,0.0,1.0,0.0,0.0,1.0,0.0,0.0,0.0,1.0,0.0,0.0,0.0,0.0,0.0,0.0,0.0,0.0,0.0,0.0,0.0,0.0,25.99506
0,2.0,5.0,5.0,2.0,5.0,5.0,-99.0,-99.0,7.0,11.0,1.0,1.0,0.0,0.0,0.0,0.0,1.0,1.0,0.0,0.0,1.0,0.0,0.0,0.0,0.0,0.0,0.0,0.0,0.0,0.0,0.0,0.0,0.0,47.5617332341
0,2.0,5.0,5.0,2.0,5.0,5.0,12.0,10.0,-99.0,-99.0,1.0,1.0,0.0,1.0,1.0,1.0,1.0,1.0,1.0,1.0,1.0,1.0,1.0,1.0,0.0,0.0,1.0,0.0,1.0,1.0,0.0,1.0,1.0,26.3413441142
0,1.0,8.0,4.0,1.0,8.0,4.0,16.0,11.0,-99.0,-99.0,0.0,1.0,1.0,1.0,1.0,1.0,1.0,1.0,1.0,1.0,0.0,1.0,1.0,1.0,1.0,1.0,1.0,1.0,1.0,1.0,0.0,0.0,1.0,7.31194182564
0,1.0,8.0,4.0,1.0,8.0,4.0,-99.0,-99.0,12.0,7.0,1.0,1.0,0.0,0.0,0.0,0.0,0.0,1.0,0.0,0.0,0.0,1.0,0.0,1.0,1.0,1.0,0.0,0.0,0.0,1.0,1.0,0.0,0.0,17.4371421414
0,1.0,8.0,4.0,1.0,8.0,4.0,-99.0,-99.0,11.0,8.0,1.0,1.0,1.0,1.0,0.0,1.0,0.0,0.0,0.0,1.0,0.0,0.0,0.0,0.0,1.0,0.0,0.0,0.0,0.0,1.0,0.0,0.0,0.0,15.9974
0,1.0,3.0,5.0,1.0,3.0,5.0,16.0,23.0,-99.0,-99.0,1.0,1.0,1.0,1.0,1.0,0.0,0.0,0.0,0.0,0.0,0.0,0.0,0.0,0.0,0.0,0.0,0.0,0.0,0.0,0.0,0.0,0.0,0.0,31.962826599
0,1.0,3.0,5.0,1.0,3.0,5.0,-99.0,-99.0,-99.0,-99.0,1.0,1.0,1.0,1.0,1.0,1.0,1.0,1.0,0.0,1.0,1.0,1.0,0.0,0.0,1.0,1.0,1.0,0.0,0.0,1.0,1.0,1.0,1.0,26.0138188458
0,2.0,3.0,4.0,2.0,3.0,4.0,-99.0,-99.0,-99.0,-99.0,1.0,1.0,0.0,1.0,1.0,0.0,1.0,1.0,0.0,0.0,1.0,0.0,0.0,0.0,0.0,0.0,0.0,0.0,0.0,0.0,0.0,0.0,0.0,25.9974
0,2.0,3.0,4.0,2.0,3.0,4.0,-99.0,-99.0,-99.0,-99.0,1.0,1.0,1.0,0.0,1.0,0.0,1.0,1.0,0.0,0.0,0.0,0.0,0.0,0.0,0.0,0.0,0.0,0.0,0.0,0.0,0.0,0.0,0.0,31.1942017567
0,2.0,3.0,4.0,2.0,3.0,4.0,16.0,18.0,-99.0,-99.0,1.0,1.0,1.0,1.0,1.0,1.0,1.0,1.0,1.0,1.0,0.0,1.0,1.0,1.0,1.0,1.0,0.0,1.0,0.0,0.0,1.0,0.0,0.0,26.212711765
0,2.0,3.0,4.0,2.0,3.0,4.0,13.0,14.0,-99.0,-99.0,1.0,1.0,1.0,1.0,1.0,1.0,1.0,1.0,1.0,1.0,1.0,0.0,1.0,1.0,0.0,0.0,0.0,1.0,1.0,0.0,0.0,0.0,0.0,26.1602368314
0,2.0,3.0,4.0,2.0,3.0,4.0,11.0,12.0,-99.0,-99.0,1.0,1.0,1.0,1.0,1.0,1.0,1.0,1.0,0.0,1.0,1.0,1.0,0.0,1.0,1.0,1.0,1.0,0.0,0.0,0.0,1.0,1.0,1.0,26.2753700758
0,2.0,3.0,4.0,2.0,3.0,4.0,-99.0,-99.0,-99.0,-99.0,1.0,1.0,1.0,1.0,1.0,0.0,1.0,1.0,0.0,0.0,0.0,0.0,0.0,0.0,0.0,0.0,0.0,0.0,0.0,0.0,0.0,0.0,0.0,26.3365692468
0,2.0,3.0,4.0,2.0,3.0,4.0,9.0,9.0,-99.0,-99.0,1.0,1.0,1.0,1.0,1.0,1.0,1.0,1.0,0.0,1.0,1.0,1.0,0.0,1.0,1.0,1.0,1.0,0.0,0.0,0.0,1.0,1.0,1.0,25.9974
0,1.0,3.0,3.0,1.0,3.0,3.0,-99.0,-99.0,-99.0,-99.0,0.0,1.0,1.0,1.0,1.0,1.0,0.0,1.0,0.0,1.0,0.0,1.0,1.0,1.0,1.0,1.0,0.0,1.0,1.0,0.0,1.0,0.0,0.0,25.99714026
0,1.0,3.0,3.0,1.0,3.0,3.0,15.0,12.0,-99.0,-99.0,1.0,1.0,0.0,0.0,0.0,1.0,0.0,1.0,1.0,0.0,0.0,1.0,0.0,1.0,1.0,1.0,0.0,0.0,0.0,1.0,1.0,1.0,0.0,28.4974
0,1.0,3.0,3.0,1.0,3.0,3.0,9.0,9.0,-99.0,-99.0,1.0,1.0,1.0,1.0,1.0,1.0,1.0,1.0,1.0,0.0,1.0,1.0,0.0,1.0,1.0,1.0,1.0,0.0,0.0,1.0,1.0,1.0,1.0,33.23944344
0,1.0,3.0,3.0,1.0,3.0,3.0,16.0,12.0,-99.0,-99.0,1.0,1.0,1.0,1.0,1.0,1.0,1.0,1.0,1.0,1.0,1.0,0.0,1.0,1.0,0.0,0.0,0.0,1.0,1.0,0.0,0.0,0.0,0.0,20.2043116375
0,1.0,3.0,3.0,1.0,3.0,3.0,15.0,12.0,-99.0,-99.0,1.0,1.0,0.0,0.0,0.0,1.0,0.0,1.0,1.0,1.0,0.0,1.0,1.0,1.0,1.0,1.0,0.0,0.0,1.0,0.0,1.0,0.0,0.0,26.0135065263
0,1.0,3.0,3.0,1.0,3.0,3.0,-99.0,-99.0,6.0,9.0,1.0,1.0,1.0,1.0,0.0,1.0,0.0,0.0,0.0,0.0,0.0,0.0,0.0,0.0,0.0,0.0,0.0,0.0,0.0,0.0,0.0,0.0,0.0,41.4873364072
0,1.0,3.0,3.0,1.0,3.0,3.0,14.0,13.0,-99.0,-99.0,1.0,1.0,0.0,1.0,0.0,1.0,0.0,1.0,1.0,1.0,0.0,1.0,1.0,1.0,1.0,1.0,1.0,1.0,1.0,0.0,1.0,0.0,1.0,16.9546782128
0,1.0,3.0,3.0,1.0,3.0,3.0,-99.0,-99.0,7.0,8.0,1.0,1.0,1.0,1.0,0.0,1.0,0.0,0.0,1.0,0.0,0.0,0.0,0.0,0.0,0.0,0.0,0.0,0.0,0.0,0.0,0.0,0.0,0.0,29.7840047662
0,0.0,8.0,4.0,0.0,8.0,4.0,-99.0,-99.0,-99.0,-99.0,1.0,1.0,0.0,0.0,0.0,0.0,0.0,0.0,0.0,0.0,0.0,0.0,0.0,0.0,0.0,0.0,0.0,0.0,0.0,0.0,0.0,0.0,0.0,43.860428579
0,0.0,8.0,4.0,0.0,8.0,4.0,-99.0,-99.0,-99.0,-99.0,1.0,1.0,1.0,1.0,1.0,1.0,0.0,1.0,1.0,0.0,1.0,1.0,0.0,0.0,1.0,1.0,1.0,0.0,0.0,1.0,1.0,1.0,1.0,25.9927225927
0,0.0,8.0,4.0,0.0,8.0,4.0,45.0,28.0,-99.0,-99.0,0.0,1.0,1.0,1.0,1.0,1.0,0.0,1.0,0.0,1.0,0.0,1.0,1.0,1.0,1.0,1.0,0.0,1.0,1.0,1.0,1.0,0.0,0.0,26.1892499985
0,0.0,8.0,4.0,0.0,8.0,4.0,-99.0,-99.0,-99.0,-99.0,1.0,1.0,1.0,1.0,1.0,1.0,0.0,1.0,1.0,0.0,0.0,0.0,0.0,1.0,0.0,0.0,0.0,0.0,0.0,1.0,0.0,0.0,0.0,28.4974
0,1.0,8.0,8.0,1.0,8.0,8.0,23.0,27.0,-99.0,-99.0,1.0,1.0,0.0,1.0,1.0,0.0,1.0,1.0,0.0,1.0,1.0,0.0,0.0,0.0,1.0,1.0,1.0,0.0,0.0,0.0,1.0,1.0,1.0,16.0147484876
0,1.0,8.0,8.0,1.0,8.0,8.0,12.0,14.0,-99.0,-99.0,1.0,1.0,1.0,1.0,1.0,1.0,1.0,1.0,1.0,1.0,1.0,1.0,1.0,1.0,1.0,0.0,1.0,1.0,1.0,0.0,0.0,0.0,1.0,19.7500153297
0,1.0,8.0,8.0,1.0,8.0,8.0,15.0,20.0,-99.0,-99.0,1.0,1.0,0.0,0.0,0.0,0.0,0.0,0.0,0.0,0.0,0.0,0.0,0.0,0.0,0.0,0.0,0.0,0.0,0.0,0.0,0.0,0.0,0.0,120.291137322
0,0.0,8.0,2.0,0.0,8.0,2.0,-99.0,-99.0,-99.0,-99.0,1.0,1.0,1.0,1.0,1.0,1.0,1.0,1.0,1.0,0.0,1.0,1.0,0.0,1.0,1.0,1.0,0.0,0.0,1.0,1.0,1.0,0.0,0.0,26.0009504682
0,0.0,8.0,2.0,0.0,8.0,2.0,15.0,10.0,-99.0,-99.0,1.0,1.0,0.0,1.0,0.0,0.0,1.0,0.0,0.0,1.0,1.0,0.0,1.0,1.0,1.0,0.0,0.0,0.0,1.0,0.0,0.0,0.0,0.0,29.5533685623
0,0.0,8.0,2.0,0.0,8.0,2.0,24.0,10.0,-99.0,-99.0,1.0,1.0,0.0,1.0,0.0,1.0,0.0,0.0,1.0,0.0,0.0,0.0,1.0,0.0,0.0,0.0,0.0,0.0,1.0,0.0,0.0,0.0,0.0,32.1364567222
0,0.0,8.0,2.0,0.0,8.0,2.0,17.0,11.0,-99.0,-99.0,1.0,1.0,1.0,1.0,1.0,1.0,0.0,1.0,1.0,1.0,1.0,1.0,1.0,1.0,1.0,1.0,1.0,1.0,1.0,1.0,1.0,1.0,1.0,28.1726057032
0,0.0,8.0,2.0,0.0,8.0,2.0,-99.0,-99.0,12.0,6.0,1.0,1.0,0.0,1.0,0.0,1.0,0.0,0.0,1.0,0.0,0.0,0.0,0.0,1.0,0.0,0.0,0.0,0.0,1.0,0.0,0.0,0.0,0.0,43.3719925012
0,0.0,8.0,2.0,0.0,8.0,2.0,-99.0,-99.0,-99.0,-99.0,1.0,1.0,0.0,0.0,0.0,0.0,0.0,1.0,0.0,1.0,0.0,1.0,0.0,1.0,1.0,1.0,1.0,0.0,1.0,0.0,1.0,0.0,1.0,26.269474337
0,0.0,8.0,2.0,0.0,8.0,2.0,-99.0,-99.0,-99.0,-99.0,1.0,1.0,1.0,1.0,1.0,1.0,1.0,1.0,1.0,1.0,1.0,1.0,1.0,0.0,1.0,1.0,1.0,1.0,1.0,1.0,1.0,1.0,1.0,28.8695008016
0,0.0,1.0,4.0,0.0,1.0,4.0,5.0,17.0,-99.0,-99.0,1.0,1.0,0.0,1.0,0.0,1.0,0.0,1.0,1.0,0.0,0.0,1.0,1.0,1.0,0.0,1.0,1.0,1.0,1.0,0.0,1.0,1.0,1.0,27.522668743
0,0.0,1.0,4.0,0.0,1.0,4.0,-99.0,-99.0,-99.0,-99.0,0.0,1.0,1.0,0.0,1.0,0.0,0.0,1.0,1.0,1.0,0.0,1.0,1.0,1.0,1.0,1.0,0.0,1.0,0.0,0.0,1.0,0.0,0.0,8.03616524043
0,0.0,1.0,4.0,0.0,1.0,4.0,9.0,10.0,-99.0,-99.0,1.0,1.0,1.0,1.0,1.0,1.0,1.0,1.0,1.0,1.0,1.0,0.0,0.0,1.0,1.0,0.0,0.0,0.0,1.0,1.0,0.0,0.0,0.0,7.10838271621
0,0.0,1.0,4.0,0.0,1.0,4.0,-99.0,-99.0,-99.0,-99.0,1.0,1.0,0.0,0.0,0.0,0.0,1.0,1.0,0.0,1.0,1.0,0.0,0.0,1.0,1.0,0.0,0.0,0.0,1.0,0.0,0.0,0.0,0.0,8.87612119905
0,1.0,6.0,8.0,1.0,6.0,8.0,15.0,14.0,-99.0,-99.0,1.0,1.0,1.0,1.0,0.0,1.0,0.0,0.0,1.0,1.0,0.0,0.0,1.0,1.0,1.0,1.0,1.0,1.0,1.0,1.0,1.0,1.0,1.0,24.1823477756
0,1.0,6.0,8.0,1.0,6.0,8.0,14.0,19.0,-99.0,-99.0,1.0,1.0,0.0,1.0,1.0,0.0,1.0,1.0,0.0,1.0,1.0,0.0,0.0,0.0,1.0,1.0,1.0,0.0,0.0,0.0,1.0,1.0,0.0,28.4974
0,1.0,6.0,8.0,1.0,6.0,8.0,-99.0,-99.0,11.0,11.0,1.0,1.0,0.0,0.0,0.0,0.0,0.0,1.0,0.0,0.0,0.0,1.0,0.0,0.0,0.0,1.0,1.0,0.0,0.0,0.0,0.0,0.0,0.0,32.7659394745
0,1.0,6.0,8.0,1.0,6.0,8.0,-99.0,-99.0,-99.0,-99.0,1.0,1.0,0.0,0.0,1.0,0.0,1.0,1.0,0.0,1.0,1.0,1.0,0.0,1.0,1.0,1.0,1.0,0.0,1.0,0.0,0.0,1.0,1.0,23.9623245197
0,1.0,6.0,8.0,1.0,6.0,8.0,-99.0,-99.0,-99.0,-99.0,1.0,1.0,0.0,0.0,1.0,0.0,1.0,1.0,0.0,1.0,1.0,1.0,0.0,1.0,1.0,1.0,1.0,0.0,1.0,0.0,0.0,1.0,0.0,41.0103692222
0,1.0,6.0,8.0,1.0,6.0,8.0,10.0,12.0,-99.0,-99.0,1.0,1.0,1.0,1.0,1.0,1.0,1.0,1.0,1.0,1.0,1.0,1.0,1.0,1.0,1.0,0.0,1.0,1.0,1.0,0.0,0.0,0.0,0.0,32.5286885499
0,1.0,6.0,8.0,1.0,6.0,8.0,11.0,13.0,-99.0,-99.0,0.0,1.0,1.0,1.0,1.0,1.0,1.0,1.0,1.0,1.0,0.0,1.0,1.0,1.0,1.0,1.0,1.0,0.0,1.0,1.0,0.0,0.0,1.0,25.9974
0,1.0,6.0,8.0,1.0,6.0,8.0,23.0,26.0,-99.0,-99.0,1.0,1.0,1.0,1.0,0.0,1.0,0.0,0.0,1.0,1.0,0.0,0.0,1.0,1.0,1.0,1.0,1.0,1.0,1.0,1.0,1.0,1.0,0.0,36.7543115572
0,1.0,6.0,8.0,1.0,6.0,8.0,14.0,15.0,-99.0,-99.0,0.0,1.0,1.0,1.0,1.0,1.0,1.0,1.0,1.0,1.0,1.0,1.0,1.0,1.0,1.0,1.0,1.0,1.0,0.0,1.0,1.0,1.0,0.0,40.0551916335
0,3.0,3.0,3.0,3.0,3.0,3.0,-99.0,-99.0,6.0,9.0,1.0,1.0,0.0,1.0,0.0,1.0,0.0,0.0,0.0,1.0,0.0,0.0,0.0,0.0,0.0,0.0,0.0,0.0,0.0,0.0,0.0,0.0,0.0,34.4373814386
0,3.0,3.0,3.0,3.0,3.0,3.0,9.0,12.0,-99.0,-99.0,1.0,1.0,0.0,1.0,1.0,1.0,0.0,1.0,0.0,0.0,0.0,1.0,0.0,0.0,0.0,1.0,0.0,0.0,0.0,0.0,1.0,0.0,0.0,57.4394864843
0,3.0,3.0,3.0,3.0,3.0,3.0,13.0,12.0,-99.0,-99.0,1.0,1.0,1.0,1.0,0.0,1.0,1.0,0.0,1.0,1.0,1.0,0.0,0.0,1.0,1.0,0.0,0.0,0.0,0.0,0.0,1.0,0.0,0.0,26.0723779334
0,3.0,3.0,3.0,3.0,3.0,3.0,-99.0,-99.0,-99.0,-99.0,1.0,1.0,1.0,1.0,0.0,1.0,0.0,0.0,1.0,0.0,0.0,0.0,1.0,1.0,0.0,0.0,0.0,0.0,1.0,0.0,0.0,0.0,0.0,25.99506
0,3.0,3.0,3.0,3.0,3.0,3.0,-99.0,-99.0,-99.0,-99.0,0.0,1.0,1.0,1.0,1.0,1.0,1.0,1.0,1.0,1.0,0.0,1.0,1.0,1.0,1.0,1.0,1.0,0.0,1.0,1.0,0.0,0.0,1.0,25.9581701149
0,3.0,3.0,3.0,3.0,3.0,3.0,13.0,14.0,-99.0,-99.0,1.0,1.0,1.0,1.0,1.0,1.0,1.0,1.0,0.0,1.0,1.0,1.0,0.0,0.0,1.0,1.0,1.0,0.0,0.0,1.0,1.0,1.0,1.0,31.7985547231
0,3.0,3.0,3.0,3.0,3.0,3.0,9.0,12.0,-99.0,-99.0,1.0,1.0,1.0,1.0,1.0,1.0,0.0,1.0,1.0,0.0,1.0,1.0,1.0,1.0,1.0,1.0,1.0,1.0,1.0,1.0,1.0,1.0,1.0,25.9966468034
0,3.0,6.0,6.0,3.0,6.0,6.0,22.0,20.0,11.0,14.0,1.0,1.0,0.0,0.0,0.0,0.0,0.0,1.0,0.0,0.0,0.0,1.0,0.0,0.0,0.0,1.0,0.0,0.0,0.0,0.0,0.0,0.0,0.0,59.1530263506
0,3.0,6.0,6.0,3.0,6.0,6.0,-99.0,-99.0,-99.0,-99.0,1.0,1.0,1.0,1.0,1.0,1.0,1.0,1.0,1.0,1.0,1.0,1.0,1.0,1.0,1.0,1.0,1.0,1.0,0.0,0.0,0.0,1.0,1.0,28.492720234
0,3.0,6.0,6.0,3.0,6.0,6.0,14.0,14.0,-99.0,-99.0,1.0,1.0,1.0,1.0,1.0,1.0,1.0,1.0,0.0,1.0,1.0,1.0,0.0,1.0,1.0,1.0,1.0,0.0,0.0,0.0,1.0,1.0,1.0,26.5746020687
0,3.0,6.0,6.0,3.0,6.0,6.0,17.0,15.0,-99.0,-99.0,1.0,1.0,0.0,0.0,1.0,0.0,0.0,1.0,0.0,0.0,0.0,1.0,0.0,0.0,0.0,1.0,0.0,0.0,0.0,0.0,1.0,0.0,0.0,25.0617433799
0,3.0,6.0,6.0,3.0,6.0,6.0,-99.0,-99.0,8.0,12.0,1.0,1.0,0.0,0.0,0.0,0.0,0.0,1.0,0.0,0.0,0.0,1.0,0.0,0.0,0.0,1.0,0.0,0.0,0.0,0.0,0.0,0.0,0.0,49.5713266501
0,3.0,6.0,6.0,3.0,6.0,6.0,-99.0,-99.0,10.0,11.0,1.0,1.0,0.0,0.0,0.0,0.0,0.0,1.0,0.0,0.0,0.0,1.0,0.0,0.0,0.0,1.0,0.0,0.0,0.0,0.0,0.0,1.0,0.0,30.2358208874
0,3.0,6.0,6.0,3.0,6.0,6.0,14.0,14.0,-99.0,-99.0,1.0,1.0,0.0,0.0,1.0,0.0,1.0,1.0,0.0,1.0,1.0,1.0,0.0,1.0,1.0,1.0,0.0,0.0,1.0,0.0,0.0,0.0,0.0,28.49506
0,3.0,6.0,6.0,3.0,6.0,6.0,-99.0,-99.0,11.0,10.0,1.0,1.0,0.0,0.0,0.0,0.0,0.0,1.0,0.0,0.0,0.0,1.0,0.0,0.0,0.0,1.0,0.0,0.0,0.0,0.0,1.0,1.0,0.0,29.1207994442
0,3.0,6.0,6.0,3.0,6.0,6.0,11.0,12.0,-99.0,-99.0,0.0,1.0,1.0,1.0,1.0,1.0,1.0,1.0,1.0,1.0,1.0,1.0,1.0,1.0,1.0,1.0,0.0,1.0,0.0,0.0,1.0,0.0,0.0,25.99714026
0,3.0,6.0,6.0,3.0,6.0,6.0,12.0,11.0,-99.0,-99.0,0.0,1.0,1.0,1.0,1.0,1.0,1.0,1.0,1.0,1.0,1.0,1.0,1.0,1.0,1.0,1.0,0.0,1.0,0.0,0.0,1.0,0.0,0.0,25.99506
0,0.0,6.0,1.0,0.0,6.0,1.0,21.0,8.0,-99.0,-99.0,1.0,1.0,0.0,0.0,0.0,0.0,0.0,1.0,0.0,1.0,0.0,1.0,1.0,1.0,1.0,1.0,0.0,1.0,1.0,0.0,1.0,0.0,0.0,28.7722368355
0,0.0,6.0,1.0,0.0,6.0,1.0,-99.0,-99.0,11.0,5.0,1.0,1.0,1.0,1.0,0.0,1.0,0.0,0.0,1.0,0.0,0.0,0.0,1.0,1.0,0.0,0.0,0.0,0.0,1.0,0.0,0.0,0.0,0.0,28.99180026
0,0.0,6.0,1.0,0.0,6.0,1.0,-99.0,-99.0,-99.0,-99.0,1.0,1.0,0.0,0.0,0.0,0.0,0.0,1.0,1.0,1.0,0.0,1.0,1.0,1.0,1.0,1.0,1.0,0.0,1.0,0.0,1.0,0.0,1.0,27.2835317616
0,0.0,6.0,1.0,0.0,6.0,1.0,17.0,7.0,-99.0,-99.0,1.0,1.0,1.0,1.0,1.0,0.0,1.0,0.0,1.0,1.0,1.0,0.0,1.0,1.0,1.0,0.0,0.0,1.0,0.0,0.0,0.0,0.0,0.0,25.992720234
0,0.0,6.0,1.0,0.0,6.0,1.0,12.0,8.0,-99.0,-99.0,1.0,1.0,1.0,1.0,1.0,1.0,0.0,1.0,1.0,0.0,1.0,1.0,1.0,1.0,1.0,1.0,1.0,1.0,1.0,1.0,1.0,1.0,1.0,25.0494149458
0,0.0,6.0,1.0,0.0,6.0,1.0,-99.0,-99.0,-99.0,-99.0,0.0,1.0,1.0,1.0,1.0,1.0,1.0,1.0,1.0,1.0,0.0,1.0,1.0,1.0,1.0,1.0,1.0,1.0,1.0,1.0,0.0,0.0,1.0,25.9974
0,0.0,6.0,1.0,0.0,6.0,1.0,14.0,5.0,-99.0,-99.0,1.0,1.0,1.0,1.0,1.0,0.0,1.0,0.0,1.0,1.0,1.0,0.0,1.0,1.0,1.0,0.0,0.0,1.0,1.0,0.0,0.0,0.0,0.0,27.3303696346
0,1.0,6.0,4.0,1.0,6.0,4.0,17.0,14.0,-99.0,-99.0,1.0,1.0,1.0,1.0,1.0,1.0,0.0,1.0,1.0,1.0,0.0,0.0,0.0,1.0,1.0,0.0,0.0,0.0,1.0,1.0,1.0,0.0,0.0,26.4663938312
0,1.0,6.0,4.0,1.0,6.0,4.0,-99.0,-99.0,11.0,8.0,1.0,1.0,1.0,1.0,0.0,1.0,0.0,0.0,1.0,0.0,0.0,0.0,0.0,0.0,1.0,0.0,0.0,0.0,0.0,0.0,0.0,0.0,0.0,29.9706695818
0,1.0,6.0,4.0,1.0,6.0,4.0,20.0,16.0,-99.0,-99.0,1.0,1.0,1.0,1.0,0.0,1.0,0.0,0.0,1.0,1.0,0.0,0.0,1.0,1.0,1.0,0.0,0.0,1.0,1.0,1.0,0.0,0.0,0.0,34.8104860158
0,1.0,6.0,4.0,1.0,6.0,4.0,-99.0,-99.0,-99.0,-99.0,1.0,1.0,0.0,1.0,1.0,1.0,1.0,0.0,1.0,1.0,1.0,0.0,1.0,1.0,1.0,0.0,0.0,1.0,1.0,1.0,0.0,0.0,0.0,29.1756349838
0,1.0,6.0,4.0,1.0,6.0,4.0,12.0,13.0,-99.0,-99.0,1.0,1.0,0.0,0.0,0.0,0.0,1.0,1.0,0.0,0.0,1.0,0.0,0.0,0.0,1.0,0.0,0.0,0.0,0.0,0.0,0.0,0.0,0.0,25.99506
0,1.0,6.0,4.0,1.0,6.0,4.0,-99.0,-99.0,-99.0,-99.0,1.0,1.0,0.0,1.0,1.0,0.0,1.0,1.0,0.0,1.0,1.0,0.0,0.0,0.0,1.0,0.0,0.0,0.0,0.0,0.0,0.0,0.0,0.0,22.8856739946
0,1.0,6.0,4.0,1.0,6.0,4.0,21.0,15.0,-99.0,-99.0,0.0,1.0,1.0,1.0,1.0,1.0,1.0,1.0,1.0,1.0,1.0,1.0,1.0,1.0,1.0,1.0,0.0,1.0,0.0,1.0,1.0,0.0,0.0,26.0422793171
0,1.0,6.0,4.0,1.0,6.0,4.0,10.0,7.0,-99.0,-99.0,0.0,1.0,1.0,0.0,1.0,0.0,0.0,1.0,1.0,1.0,1.0,1.0,1.0,1.0,1.0,1.0,1.0,1.0,1.0,0.0,1.0,1.0,0.0,26.021830571
0,1.0,6.0,4.0,1.0,6.0,4.0,19.0,16.0,-99.0,-99.0,1.0,1.0,0.0,1.0,0.0,1.0,1.0,1.0,0.0,1.0,1.0,1.0,0.0,0.0,1.0,0.0,1.0,0.0,0.0,1.0,0.0,1.0,1.0,28.49506
0,1.0,6.0,4.0,1.0,6.0,4.0,12.0,11.0,16.0,12.0,1.0,1.0,0.0,1.0,0.0,1.0,0.0,0.0,1.0,1.0,0.0,0.0,1.0,0.0,1.0,0.0,0.0,0.0,1.0,0.0,0.0,0.0,0.0,33.0146772046
0,1.0,6.0,4.0,1.0,6.0,4.0,15.0,13.0,-99.0,-99.0,1.0,1.0,1.0,1.0,1.0,1.0,1.0,1.0,1.0,1.0,1.0,1.0,1.0,1.0,1.0,0.0,1.0,1.0,1.0,0.0,0.0,1.0,0.0,29.2489718576
0,1.0,6.0,4.0,1.0,6.0,4.0,-99.0,-99.0,-99.0,-99.0,1.0,1.0,0.0,0.0,0.0,1.0,0.0,1.0,1.0,1.0,0.0,1.0,1.0,1.0,1.0,1.0,0.0,0.0,1.0,0.0,1.0,0.0,0.0,26.0068778156
0,1.0,6.0,4.0,1.0,6.0,4.0,12.0,11.0,-99.0,-99.0,1.0,1.0,1.0,1.0,1.0,1.0,0.0,1.0,1.0,0.0,0.0,0.0,0.0,1.0,1.0,0.0,0.0,0.0,1.0,1.0,0.0,0.0,0.0,28.49506
0,2.0,4.0,4.0,2.0,4.0,4.0,-99.0,-99.0,-99.0,-99.0,1.0,1.0,0.0,1.0,1.0,1.0,1.0,1.0,1.0,1.0,0.0,1.0,1.0,1.0,1.0,1.0,1.0,1.0,1.0,1.0,1.0,1.0,1.0,25.9982850688
0,3.0,6.0,4.0,3.0,6.0,4.0,12.0,13.0,-99.0,-99.0,1.0,1.0,0.0,0.0,0.0,0.0,1.0,1.0,0.0,0.0,1.0,0.0,0.0,0.0,1.0,0.0,0.0,0.0,0.0,0.0,0.0,0.0,0.0,28.74455026
0,3.0,6.0,4.0,3.0,6.0,4.0,-99.0,-99.0,-99.0,-99.0,1.0,1.0,1.0,1.0,1.0,1.0,1.0,1.0,1.0,0.0,1.0,1.0,0.0,1.0,1.0,1.0,0.0,0.0,0.0,1.0,1.0,0.0,0.0,29.6679448386
0,3.0,6.0,4.0,3.0,6.0,4.0,10.0,9.0,-99.0,-99.0,1.0,1.0,1.0,1.0,1.0,1.0,1.0,1.0,1.0,1.0,1.0,0.0,1.0,1.0,1.0,0.0,0.0,1.0,1.0,0.0,0.0,0.0,0.0,25.99714026
0,3.0,6.0,4.0,3.0,6.0,4.0,22.0,16.0,-99.0,-99.0,1.0,1.0,1.0,1.0,1.0,1.0,1.0,1.0,1.0,1.0,1.0,0.0,1.0,1.0,1.0,0.0,0.0,0.0,1.0,1.0,0.0,0.0,0.0,26.3382667721
0,3.0,6.0,4.0,3.0,6.0,4.0,-99.0,-99.0,-99.0,-99.0,1.0,1.0,1.0,1.0,1.0,1.0,0.0,1.0,1.0,0.0,1.0,1.0,0.0,0.0,1.0,1.0,1.0,0.0,0.0,0.0,1.0,1.0,1.0,28.4974
0,3.0,6.0,4.0,3.0,6.0,4.0,14.0,12.0,-99.0,-99.0,1.0,1.0,0.0,1.0,0.0,1.0,0.0,1.0,1.0,1.0,0.0,1.0,0.0,1.0,1.0,1.0,1.0,0.0,1.0,0.0,0.0,0.0,1.0,31.9486971403
0,3.0,6.0,4.0,3.0,6.0,4.0,-99.0,-99.0,-99.0,-99.0,0.0,1.0,1.0,1.0,1.0,1.0,0.0,1.0,0.0,1.0,0.0,1.0,1.0,1.0,1.0,1.0,0.0,1.0,1.0,1.0,1.0,0.0,0.0,16.2333120628
0,3.0,6.0,4.0,3.0,6.0,4.0,22.0,18.0,-99.0,-99.0,1.0,1.0,0.0,1.0,0.0,1.0,0.0,1.0,1.0,1.0,0.0,1.0,1.0,1.0,1.0,1.0,1.0,1.0,1.0,0.0,1.0,0.0,1.0,33.9078970515
0,3.0,6.0,4.0,3.0,6.0,4.0,-99.0,-99.0,-99.0,-99.0,1.0,1.0,1.0,1.0,1.0,1.0,1.0,1.0,1.0,1.0,1.0,1.0,0.0,0.0,1.0,1.0,0.0,0.0,0.0,0.0,1.0,1.0,0.0,43.3750352122
0,3.0,6.0,4.0,3.0,6.0,4.0,-99.0,-99.0,8.0,10.0,1.0,1.0,0.0,1.0,0.0,0.0,1.0,0.0,0.0,1.0,0.0,0.0,0.0,0.0,1.0,0.0,0.0,0.0,0.0,0.0,0.0,0.0,0.0,40.8457018102
0,3.0,6.0,4.0,3.0,6.0,4.0,18.0,17.0,-99.0,-99.0,1.0,1.0,1.0,1.0,1.0,0.0,0.0,1.0,0.0,1.0,0.0,1.0,0.0,0.0,1.0,1.0,0.0,0.0,0.0,0.0,1.0,0.0,0.0,37.9293855408
0,3.0,6.0,4.0,3.0,6.0,4.0,-99.0,-99.0,-99.0,-99.0,1.0,1.0,1.0,1.0,1.0,1.0,0.0,1.0,1.0,0.0,0.0,0.0,0.0,1.0,1.0,0.0,0.0,0.0,0.0,1.0,0.0,0.0,0.0,27.3213891633
0,3.0,6.0,4.0,3.0,6.0,4.0,18.0,15.0,-99.0,-99.0,1.0,1.0,0.0,1.0,0.0,1.0,1.0,1.0,0.0,1.0,1.0,1.0,0.0,0.0,1.0,0.0,1.0,0.0,0.0,0.0,0.0,1.0,1.0,28.4971117198
0,3.0,6.0,4.0,3.0,6.0,4.0,-99.0,-99.0,-99.0,-99.0,1.0,1.0,1.0,1.0,1.0,1.0,1.0,1.0,1.0,1.0,1.0,1.0,0.0,1.0,1.0,1.0,0.0,0.0,1.0,1.0,1.0,0.0,0.0,25.0946098415
0,3.0,6.0,4.0,3.0,6.0,4.0,15.0,13.0,-99.0,-99.0,1.0,1.0,0.0,1.0,1.0,0.0,0.0,1.0,0.0,0.0,0.0,1.0,0.0,0.0,1.0,1.0,0.0,0.0,0.0,0.0,1.0,0.0,0.0,46.2730667341
0,0.0,3.0,3.0,0.0,3.0,3.0,14.0,12.0,-99.0,-99.0,0.0,1.0,1.0,1.0,1.0,1.0,0.0,1.0,1.0,1.0,0.0,1.0,1.0,1.0,1.0,1.0,0.0,1.0,0.0,0.0,1.0,0.0,0.0,25.1375238758
0,0.0,3.0,3.0,0.0,3.0,3.0,-99.0,-99.0,-99.0,-99.0,1.0,1.0,0.0,1.0,0.0,1.0,0.0,0.0,0.0,0.0,0.0,0.0,0.0,0.0,0.0,0.0,0.0,0.0,0.0,0.0,0.0,0.0,0.0,25.9974
0,0.0,3.0,3.0,0.0,3.0,3.0,-99.0,-99.0,-99.0,-99.0,1.0,1.0,0.0,1.0,0.0,1.0,0.0,1.0,1.0,0.0,0.0,1.0,0.0,1.0,1.0,1.0,0.0,0.0,0.0,1.0,1.0,0.0,0.0,27.3567258013
0,0.0,3.0,3.0,0.0,3.0,3.0,11.0,9.0,-99.0,-99.0,1.0,1.0,0.0,1.0,1.0,1.0,1.0,1.0,1.0,1.0,0.0,1.0,1.0,1.0,0.0,0.0,1.0,0.0,1.0,1.0,0.0,1.0,1.0,26.2773454622
0,0.0,3.0,3.0,0.0,3.0,3.0,9.0,9.0,-99.0,-99.0,1.0,1.0,0.0,0.0,0.0,1.0,0.0,1.0,1.0,1.0,0.0,1.0,0.0,1.0,1.0,1.0,0.0,0.0,0.0,0.0,1.0,1.0,0.0,35.9571960275
0,0.0,3.0,3.0,0.0,3.0,3.0,-99.0,-99.0,-99.0,-99.0,1.0,1.0,1.0,1.0,1.0,1.0,1.0,1.0,0.0,1.0,1.0,0.0,0.0,1.0,1.0,0.0,0.0,0.0,0.0,1.0,0.0,0.0,0.0,26.1355610433
0,0.0,6.0,3.0,0.0,6.0,3.0,-99.0,-99.0,11.0,7.0,1.0,1.0,1.0,1.0,0.0,1.0,0.0,0.0,0.0,0.0,0.0,0.0,0.0,1.0,0.0,0.0,0.0,0.0,1.0,0.0,0.0,0.0,0.0,58.494774312
0,0.0,6.0,3.0,0.0,6.0,3.0,12.0,11.0,-99.0,-99.0,1.0,1.0,0.0,0.0,0.0,0.0,0.0,1.0,0.0,0.0,0.0,1.0,0.0,1.0,1.0,1.0,0.0,0.0,0.0,1.0,1.0,0.0,0.0,28.4974
0,0.0,6.0,3.0,0.0,6.0,3.0,-99.0,-99.0,-99.0,-99.0,1.0,1.0,1.0,1.0,0.0,0.0,1.0,1.0,0.0,1.0,1.0,0.0,0.0,1.0,0.0,0.0,0.0,0.0,1.0,0.0,0.0,0.0,0.0,25.9974
0,0.0,6.0,3.0,0.0,6.0,3.0,14.0,10.0,-99.0,-99.0,1.0,1.0,0.0,1.0,0.0,1.0,0.0,0.0,1.0,1.0,0.0,0.0,0.0,1.0,0.0,0.0,0.0,0.0,1.0,0.0,0.0,0.0,0.0,25.99506
0,0.0,6.0,3.0,0.0,6.0,3.0,14.0,7.0,-99.0,-99.0,1.0,1.0,1.0,1.0,1.0,1.0,0.0,1.0,1.0,0.0,0.0,1.0,0.0,1.0,1.0,1.0,0.0,0.0,0.0,1.0,1.0,0.0,0.0,18.5166952565
0,0.0,6.0,3.0,0.0,6.0,3.0,-99.0,-99.0,-99.0,-99.0,0.0,1.0,1.0,1.0,1.0,1.0,1.0,1.0,1.0,1.0,1.0,1.0,1.0,1.0,1.0,1.0,0.0,1.0,0.0,1.0,1.0,0.0,0.0,25.9937341012
0,0.0,6.0,3.0,0.0,6.0,3.0,12.0,11.0,-99.0,-99.0,1.0,1.0,0.0,1.0,0.0,1.0,0.0,0.0,1.0,0.0,0.0,0.0,0.0,1.0,0.0,0.0,0.0,0.0,1.0,0.0,0.0,0.0,0.0,61.2816947946
0,0.0,6.0,3.0,0.0,6.0,3.0,-99.0,-99.0,-99.0,-99.0,1.0,1.0,1.0,1.0,1.0,1.0,1.0,1.0,0.0,1.0,1.0,1.0,0.0,1.0,0.0,1.0,0.0,0.0,0.0,0.0,1.0,0.0,0.0,26.7552070967
0,0.0,6.0,3.0,0.0,6.0,3.0,-99.0,-99.0,-99.0,-99.0,1.0,1.0,1.0,1.0,1.0,1.0,1.0,1.0,1.0,0.0,1.0,1.0,0.0,1.0,1.0,1.0,0.0,0.0,1.0,1.0,1.0,0.0,0.0,28.4972232254
0,0.0,6.0,3.0,0.0,6.0,3.0,14.0,10.0,-99.0,-99.0,1.0,1.0,0.0,0.0,0.0,0.0,0.0,1.0,0.0,1.0,0.0,1.0,0.0,1.0,1.0,1.0,0.0,0.0,0.0,1.0,1.0,0.0,0.0,45.8333290367
0,0.0,6.0,3.0,0.0,6.0,3.0,12.0,9.0,-99.0,-99.0,1.0,1.0,0.0,0.0,0.0,0.0,0.0,0.0,0.0,0.0,0.0,0.0,0.0,0.0,0.0,0.0,0.0,0.0,0.0,0.0,0.0,0.0,0.0,231.278813662
0,0.0,6.0,3.0,0.0,6.0,3.0,15.0,11.0,-99.0,-99.0,1.0,1.0,0.0,1.0,1.0,1.0,1.0,1.0,1.0,1.0,1.0,0.0,0.0,1.0,1.0,0.0,0.0,0.0,1.0,1.0,0.0,0.0,0.0,30.2924673025
0,0.0,6.0,3.0,0.0,6.0,3.0,-99.0,-99.0,-99.0,-99.0,1.0,1.0,1.0,1.0,1.0,1.0,1.0,1.0,1.0,0.0,0.0,0.0,0.0,1.0,0.0,0.0,0.0,0.0,0.0,0.0,0.0,0.0,0.0,23.7511836397
0,1.0,6.0,6.0,1.0,6.0,6.0,-99.0,-99.0,-99.0,-99.0,1.0,1.0,0.0,0.0,1.0,0.0,1.0,1.0,0.0,1.0,1.0,1.0,0.0,1.0,1.0,1.0,1.0,0.0,1.0,0.0,0.0,1.0,0.0,24.99814026
0,1.0,6.0,6.0,1.0,6.0,6.0,-99.0,-99.0,-99.0,-99.0,1.0,1.0,1.0,1.0,0.0,1.0,0.0,0.0,1.0,1.0,0.0,0.0,1.0,1.0,1.0,1.0,0.0,1.0,1.0,0.0,1.0,1.0,0.0,26.6735186046
0,1.0,6.0,6.0,1.0,6.0,6.0,18.0,21.0,-99.0,-99.0,1.0,1.0,0.0,1.0,1.0,0.0,0.0,1.0,0.0,0.0,0.0,1.0,0.0,0.0,0.0,1.0,0.0,0.0,0.0,0.0,0.0,0.0,0.0,35.0528472139
0,1.0,6.0,6.0,1.0,6.0,6.0,15.0,14.0,-99.0,-99.0,0.0,1.0,1.0,1.0,1.0,1.0,1.0,1.0,1.0,1.0,1.0,1.0,1.0,1.0,1.0,1.0,0.0,1.0,0.0,1.0,1.0,0.0,0.0,34.083962932
0,1.0,6.0,6.0,1.0,6.0,6.0,21.0,21.0,-99.0,-99.0,1.0,1.0,1.0,1.0,0.0,1.0,0.0,0.0,1.0,1.0,0.0,0.0,1.0,1.0,1.0,1.0,0.0,1.0,1.0,1.0,1.0,0.0,0.0,43.0167553628
0,1.0,6.0,6.0,1.0,6.0,6.0,-99.0,-99.0,-99.0,-99.0,1.0,1.0,1.0,1.0,1.0,1.0,0.0,1.0,1.0,0.0,0.0,1.0,0.0,0.0,0.0,1.0,1.0,0.0,0.0,0.0,1.0,1.0,1.0,25.992226728
0,1.0,6.0,6.0,1.0,6.0,6.0,-99.0,-99.0,10.0,11.0,1.0,1.0,0.0,0.0,0.0,0.0,0.0,1.0,0.0,0.0,0.0,1.0,0.0,0.0,0.0,1.0,0.0,0.0,0.0,0.0,1.0,0.0,0.0,35.0894975451
0,1.0,6.0,6.0,1.0,6.0,6.0,11.0,9.0,-99.0,-99.0,1.0,1.0,1.0,1.0,1.0,1.0,1.0,1.0,1.0,1.0,1.0,0.0,0.0,1.0,1.0,1.0,0.0,0.0,1.0,1.0,0.0,0.0,0.0,29.3803210811
0,1.0,6.0,6.0,1.0,6.0,6.0,18.0,19.0,-99.0,-99.0,1.0,1.0,1.0,1.0,1.0,1.0,1.0,1.0,1.0,1.0,1.0,1.0,1.0,0.0,1.0,1.0,1.0,0.0,0.0,0.0,1.0,1.0,0.0,28.4532488703
0,1.0,6.0,6.0,1.0,6.0,6.0,12.0,16.0,-99.0,-99.0,1.0,1.0,0.0,1.0,1.0,0.0,1.0,1.0,0.0,1.0,1.0,0.0,0.0,0.0,1.0,1.0,0.0,0.0,0.0,0.0,1.0,0.0,0.0,28.9712056051
0,1.0,6.0,6.0,1.0,6.0,6.0,12.0,16.0,14.0,13.0,1.0,1.0,1.0,1.0,0.0,1.0,0.0,0.0,1.0,0.0,0.0,0.0,0.0,0.0,1.0,1.0,0.0,0.0,0.0,0.0,1.0,0.0,0.0,29.4696282169
0,3.0,5.0,2.0,3.0,5.0,2.0,-99.0,-99.0,7.0,8.0,1.0,1.0,1.0,1.0,0.0,1.0,0.0,0.0,1.0,0.0,0.0,0.0,0.0,0.0,0.0,0.0,0.0,0.0,0.0,0.0,0.0,0.0,0.0,25.9974
0,3.0,5.0,2.0,3.0,5.0,2.0,14.0,9.0,-99.0,-99.0,1.0,1.0,1.0,1.0,1.0,0.0,1.0,0.0,1.0,1.0,1.0,0.0,0.0,1.0,1.0,0.0,0.0,0.0,1.0,0.0,0.0,0.0,0.0,28.9622837969
0,3.0,5.0,2.0,3.0,5.0,2.0,-99.0,-99.0,-99.0,-99.0,1.0,1.0,1.0,1.0,0.0,1.0,0.0,0.0,1.0,0.0,0.0,0.0,1.0,1.0,0.0,0.0,0.0,0.0,1.0,0.0,0.0,0.0,0.0,27.8048406502
0,3.0,5.0,2.0,3.0,5.0,2.0,16.0,11.0,-99.0,-99.0,1.0,1.0,0.0,0.0,0.0,0.0,0.0,1.0,1.0,1.0,0.0,1.0,0.0,1.0,1.0,1.0,0.0,0.0,0.0,0.0,1.0,0.0,0.0,42.2773216159
0,3.0,5.0,2.0,3.0,5.0,2.0,13.0,10.0,-99.0,-99.0,1.0,1.0,0.0,1.0,0.0,0.0,1.0,0.0,1.0,1.0,1.0,0.0,1.0,1.0,1.0,0.0,0.0,0.0,1.0,0.0,0.0,0.0,0.0,26.7867492751
0,3.0,5.0,2.0,3.0,5.0,2.0,-99.0,-99.0,-99.0,-99.0,1.0,1.0,1.0,1.0,1.0,1.0,1.0,1.0,1.0,1.0,1.0,1.0,0.0,0.0,1.0,1.0,1.0,0.0,0.0,1.0,1.0,1.0,1.0,29.0710187412
0,3.0,5.0,2.0,3.0,5.0,2.0,-99.0,-99.0,-99.0,-99.0,0.0,1.0,1.0,1.0,1.0,1.0,1.0,1.0,1.0,1.0,0.0,1.0,1.0,1.0,1.0,1.0,1.0,0.0,1.0,1.0,0.0,0.0,1.0,27.6914880188
0,3.0,5.0,2.0,3.0,5.0,2.0,18.0,10.0,-99.0,-99.0,1.0,1.0,0.0,1.0,0.0,1.0,0.0,0.0,1.0,1.0,0.0,0.0,0.0,1.0,0.0,0.0,0.0,0.0,1.0,0.0,0.0,0.0,0.0,37.8086601598
0,3.0,5.0,2.0,3.0,5.0,2.0,19.0,12.0,25.0,17.0,1.0,1.0,1.0,1.0,1.0,1.0,1.0,1.0,1.0,1.0,0.0,1.0,0.0,1.0,1.0,1.0,1.0,0.0,0.0,0.0,1.0,1.0,1.0,39.0166959007
0,2.0,8.0,5.0,2.0,8.0,5.0,11.0,12.0,-99.0,-99.0,0.0,1.0,1.0,1.0,1.0,1.0,1.0,1.0,1.0,1.0,1.0,1.0,1.0,1.0,1.0,1.0,0.0,1.0,0.0,1.0,1.0,0.0,0.0,26.6805473751
0,2.0,8.0,5.0,2.0,8.0,5.0,22.0,17.0,-99.0,-99.0,1.0,1.0,1.0,1.0,1.0,1.0,0.0,1.0,1.0,0.0,0.0,0.0,0.0,1.0,1.0,0.0,0.0,0.0,1.0,1.0,1.0,0.0,0.0,16.9742671885
0,2.0,8.0,5.0,2.0,8.0,5.0,-99.0,-99.0,10.0,11.0,1.0,1.0,0.0,0.0,0.0,0.0,0.0,1.0,0.0,0.0,0.0,1.0,0.0,0.0,0.0,1.0,0.0,0.0,0.0,0.0,1.0,0.0,0.0,61.9620859347
0,2.0,8.0,5.0,2.0,8.0,5.0,17.0,15.0,-99.0,-99.0,1.0,1.0,0.0,1.0,0.0,1.0,1.0,1.0,0.0,1.0,1.0,1.0,0.0,0.0,1.0,0.0,1.0,0.0,0.0,1.0,1.0,1.0,1.0,26.0648036837
0,2.0,8.0,7.0,2.0,8.0,7.0,-99.0,-99.0,-99.0,-99.0,1.0,1.0,1.0,1.0,0.0,1.0,0.0,0.0,1.0,1.0,0.0,0.0,1.0,1.0,1.0,1.0,0.0,1.0,1.0,0.0,1.0,1.0,0.0,15.99506
0,2.0,8.0,7.0,2.0,8.0,7.0,12.0,11.0,-99.0,-99.0,1.0,1.0,0.0,0.0,1.0,0.0,1.0,1.0,0.0,1.0,1.0,1.0,0.0,1.0,1.0,1.0,1.0,0.0,1.0,0.0,0.0,1.0,0.0,9.67231387969
0,2.0,8.0,7.0,2.0,8.0,7.0,-99.0,-99.0,10.0,12.0,1.0,1.0,0.0,0.0,0.0,0.0,0.0,1.0,0.0,0.0,0.0,1.0,0.0,0.0,0.0,1.0,0.0,0.0,0.0,0.0,0.0,1.0,0.0,26.8137962953
0,0.0,5.0,4.0,0.0,5.0,4.0,-99.0,-99.0,-99.0,-99.0,1.0,1.0,0.0,0.0,0.0,1.0,1.0,1.0,1.0,1.0,0.0,1.0,1.0,1.0,1.0,1.0,0.0,1.0,1.0,1.0,1.0,0.0,0.0,25.9974
0,0.0,5.0,4.0,0.0,5.0,4.0,-99.0,-99.0,-99.0,-99.0,1.0,1.0,0.0,0.0,1.0,0.0,0.0,1.0,0.0,1.0,0.0,1.0,0.0,1.0,1.0,1.0,0.0,0.0,0.0,1.0,1.0,0.0,0.0,29.9160427364
0,0.0,5.0,4.0,0.0,5.0,4.0,19.0,14.0,-99.0,-99.0,1.0,1.0,0.0,1.0,0.0,1.0,0.0,0.0,1.0,1.0,0.0,0.0,1.0,1.0,0.0,0.0,0.0,0.0,1.0,0.0,0.0,0.0,0.0,34.0826037712
0,0.0,5.0,4.0,0.0,5.0,4.0,14.0,11.0,-99.0,-99.0,1.0,1.0,0.0,1.0,0.0,1.0,0.0,0.0,1.0,1.0,0.0,0.0,1.0,1.0,0.0,0.0,0.0,0.0,1.0,0.0,0.0,0.0,0.0,25.9974
0,0.0,5.0,4.0,0.0,5.0,4.0,-99.0,-99.0,-99.0,-99.0,1.0,1.0,0.0,1.0,1.0,1.0,1.0,1.0,1.0,1.0,1.0,0.0,1.0,1.0,0.0,0.0,0.0,1.0,1.0,0.0,0.0,0.0,0.0,25.99480026
0,0.0,5.0,4.0,0.0,5.0,4.0,-99.0,-99.0,-99.0,-99.0,1.0,1.0,1.0,1.0,1.0,1.0,1.0,1.0,0.0,1.0,1.0,0.0,0.0,0.0,1.0,1.0,0.0,0.0,0.0,0.0,1.0,0.0,0.0,26.0260254412
0,0.0,5.0,4.0,0.0,5.0,4.0,-99.0,-99.0,-99.0,-99.0,1.0,1.0,0.0,1.0,0.0,1.0,0.0,1.0,0.0,1.0,0.0,1.0,0.0,0.0,0.0,0.0,1.0,0.0,0.0,0.0,0.0,1.0,1.0,29.0884813704
0,0.0,5.0,4.0,0.0,5.0,4.0,-99.0,-99.0,19.0,14.0,1.0,1.0,1.0,1.0,0.0,1.0,0.0,0.0,0.0,1.0,0.0,0.0,0.0,1.0,1.0,0.0,0.0,0.0,0.0,1.0,0.0,0.0,0.0,28.5065760866
0,0.0,5.0,4.0,0.0,5.0,4.0,11.0,7.0,-99.0,-99.0,1.0,1.0,1.0,1.0,1.0,1.0,1.0,0.0,1.0,1.0,1.0,0.0,1.0,1.0,1.0,0.0,0.0,1.0,0.0,0.0,0.0,0.0,0.0,34.5342118845
0,0.0,5.0,4.0,0.0,5.0,4.0,-99.0,-99.0,-99.0,-99.0,1.0,1.0,1.0,1.0,0.0,1.0,0.0,0.0,0.0,1.0,0.0,0.0,0.0,1.0,1.0,0.0,0.0,0.0,0.0,1.0,0.0,0.0,0.0,28.4974
0,0.0,5.0,4.0,0.0,5.0,4.0,8.0,8.0,-99.0,-99.0,1.0,1.0,1.0,1.0,1.0,1.0,1.0,1.0,1.0,1.0,1.0,1.0,0.0,1.0,1.0,1.0,1.0,0.0,0.0,1.0,1.0,1.0,1.0,16.0029318467
0,1.0,1.0,4.0,1.0,1.0,4.0,-99.0,-99.0,-99.0,-99.0,1.0,1.0,0.0,1.0,0.0,0.0,1.0,0.0,1.0,1.0,1.0,0.0,1.0,1.0,0.0,0.0,0.0,1.0,1.0,0.0,0.0,0.0,0.0,28.8648178066
0,1.0,1.0,4.0,1.0,1.0,4.0,-99.0,-99.0,-99.0,-99.0,1.0,1.0,0.0,1.0,1.0,0.0,1.0,1.0,0.0,1.0,1.0,0.0,0.0,0.0,1.0,1.0,1.0,0.0,0.0,0.0,1.0,1.0,1.0,26.3528349557
0,1.0,1.0,4.0,1.0,1.0,4.0,9.0,9.0,-99.0,-99.0,1.0,1.0,1.0,1.0,1.0,1.0,0.0,1.0,1.0,0.0,1.0,1.0,1.0,1.0,1.0,1.0,1.0,1.0,1.0,1.0,1.0,1.0,1.0,25.5372037502
0,1.0,1.0,4.0,1.0,1.0,4.0,7.0,9.0,-99.0,-99.0,0.0,1.0,1.0,1.0,0.0,1.0,0.0,1.0,1.0,1.0,0.0,1.0,1.0,1.0,1.0,1.0,1.0,0.0,1.0,1.0,0.0,0.0,1.0,44.2415140866
0,1.0,1.0,4.0,1.0,1.0,4.0,-99.0,-99.0,-99.0,-99.0,1.0,1.0,1.0,1.0,1.0,1.0,1.0,1.0,1.0,1.0,1.0,0.0,1.0,1.0,0.0,0.0,0.0,1.0,1.0,0.0,0.0,0.0,0.0,24.5889906761
0,1.0,1.0,4.0,1.0,1.0,4.0,4.0,12.0,-99.0,-99.0,1.0,1.0,0.0,1.0,0.0,0.0,1.0,0.0,1.0,1.0,1.0,0.0,1.0,1.0,0.0,0.0,0.0,1.0,1.0,0.0,0.0,0.0,0.0,25.9974
0,1.0,1.0,4.0,1.0,1.0,4.0,-99.0,-99.0,-99.0,-99.0,1.0,1.0,1.0,1.0,1.0,0.0,0.0,0.0,0.0,0.0,0.0,0.0,0.0,0.0,0.0,0.0,0.0,0.0,0.0,0.0,0.0,0.0,0.0,26.5273878683
0,1.0,1.0,4.0,1.0,1.0,4.0,5.0,12.0,-99.0,-99.0,1.0,1.0,0.0,0.0,1.0,0.0,0.0,1.0,0.0,0.0,0.0,1.0,0.0,0.0,0.0,1.0,0.0,0.0,0.0,0.0,1.0,0.0,0.0,28.7372804025
0,1.0,1.0,4.0,1.0,1.0,4.0,-99.0,-99.0,-99.0,-99.0,0.0,1.0,1.0,0.0,0.0,0.0,0.0,1.0,1.0,1.0,0.0,1.0,1.0,1.0,1.0,1.0,0.0,1.0,0.0,0.0,1.0,0.0,0.0,32.3162482747
0,1.0,1.0,4.0,1.0,1.0,4.0,-99.0,-99.0,-99.0,-99.0,1.0,1.0,0.0,0.0,0.0,0.0,0.0,0.0,0.0,0.0,0.0,0.0,0.0,0.0,0.0,0.0,0.0,0.0,0.0,0.0,0.0,0.0,0.0,97.2556653333
0,1.0,1.0,4.0,1.0,1.0,4.0,6.0,12.0,-99.0,-99.0,1.0,1.0,1.0,1.0,0.0,1.0,0.0,0.0,0.0,0.0,0.0,0.0,0.0,0.0,1.0,0.0,0.0,0.0,0.0,1.0,0.0,0.0,0.0,59.7778140631
0,2.0,8.0,1.0,2.0,8.0,1.0,15.0,5.0,-99.0,-99.0,1.0,1.0,0.0,0.0,0.0,0.0,0.0,0.0,0.0,0.0,0.0,0.0,0.0,0.0,0.0,0.0,0.0,0.0,0.0,0.0,0.0,0.0,0.0,51.4415460203
0,2.0,8.0,1.0,2.0,8.0,1.0,19.0,6.0,-99.0,-99.0,1.0,1.0,0.0,1.0,0.0,0.0,1.0,0.0,1.0,1.0,1.0,0.0,1.0,1.0,1.0,0.0,0.0,1.0,1.0,0.0,0.0,0.0,0.0,6.99310630112
0,2.0,8.0,1.0,2.0,8.0,1.0,22.0,8.0,15.0,6.0,1.0,1.0,0.0,0.0,0.0,0.0,0.0,1.0,0.0,0.0,0.0,1.0,1.0,0.0,1.0,1.0,0.0,1.0,1.0,0.0,1.0,0.0,0.0,17.2098402606
0,2.0,8.0,1.0,2.0,8.0,1.0,15.0,5.0,-99.0,-99.0,1.0,1.0,1.0,1.0,1.0,1.0,1.0,1.0,1.0,1.0,0.0,1.0,1.0,1.0,1.0,1.0,1.0,1.0,1.0,1.0,1.0,1.0,0.0,15.9379390074
0,3.0,5.0,4.0,3.0,5.0,4.0,16.0,14.0,-99.0,-99.0,1.0,1.0,0.0,1.0,1.0,1.0,1.0,1.0,1.0,1.0,0.0,1.0,0.0,0.0,0.0,0.0,1.0,0.0,0.0,0.0,0.0,1.0,1.0,20.74506
0,3.0,5.0,4.0,3.0,5.0,4.0,-99.0,-99.0,-99.0,-99.0,1.0,1.0,0.0,0.0,0.0,0.0,0.0,0.0,0.0,0.0,0.0,0.0,0.0,0.0,0.0,0.0,0.0,0.0,0.0,0.0,0.0,0.0,0.0,130.532658017
0,3.0,5.0,4.0,3.0,5.0,4.0,-99.0,-99.0,-99.0,-99.0,1.0,1.0,0.0,1.0,0.0,0.0,1.0,0.0,0.0,1.0,1.0,0.0,0.0,0.0,0.0,0.0,0.0,0.0,0.0,0.0,0.0,0.0,0.0,22.4513921025
0,3.0,5.0,4.0,3.0,5.0,4.0,15.0,15.0,-99.0,-99.0,1.0,1.0,0.0,1.0,0.0,1.0,0.0,0.0,1.0,1.0,0.0,0.0,0.0,1.0,0.0,0.0,0.0,0.0,1.0,0.0,0.0,0.0,0.0,15.992668312
0,3.0,5.0,4.0,3.0,5.0,4.0,15.0,15.0,-99.0,-99.0,1.0,1.0,0.0,0.0,0.0,0.0,0.0,1.0,0.0,1.0,0.0,1.0,0.0,1.0,1.0,1.0,0.0,0.0,0.0,1.0,1.0,0.0,0.0,33.3793744401
0,3.0,5.0,4.0,3.0,5.0,4.0,-99.0,-99.0,-99.0,-99.0,0.0,0.0,0.0,0.0,0.0,0.0,1.0,1.0,0.0,1.0,1.0,0.0,0.0,0.0,1.0,0.0,0.0,0.0,0.0,0.0,0.0,0.0,0.0,36.1152474598
0,3.0,5.0,4.0,3.0,5.0,4.0,-99.0,-99.0,-99.0,-99.0,1.0,1.0,1.0,1.0,1.0,1.0,1.0,1.0,0.0,1.0,1.0,0.0,0.0,0.0,1.0,0.0,0.0,0.0,0.0,1.0,0.0,0.0,0.0,32.8103022441
0,3.0,5.0,4.0,3.0,5.0,4.0,8.0,10.0,-99.0,-99.0,0.0,1.0,1.0,1.0,1.0,1.0,1.0,1.0,1.0,1.0,1.0,1.0,1.0,1.0,1.0,1.0,0.0,1.0,0.0,1.0,1.0,0.0,0.0,26.7870733795
0,3.0,5.0,4.0,3.0,5.0,4.0,-99.0,-99.0,7.0,9.0,1.0,1.0,1.0,1.0,0.0,1.0,0.0,0.0,0.0,1.0,0.0,0.0,0.0,0.0,0.0,0.0,0.0,0.0,0.0,0.0,0.0,0.0,0.0,29.8697611391
0,3.0,5.0,4.0,3.0,5.0,4.0,-99.0,-99.0,8.0,8.0,1.0,1.0,0.0,0.0,0.0,0.0,0.0,1.0,0.0,1.0,0.0,1.0,0.0,0.0,1.0,1.0,0.0,0.0,0.0,0.0,1.0,0.0,0.0,78.6320908239
0,3.0,5.0,4.0,3.0,5.0,4.0,10.0,10.0,-99.0,-99.0,1.0,1.0,0.0,1.0,1.0,1.0,1.0,1.0,1.0,1.0,1.0,1.0,1.0,1.0,0.0,0.0,1.0,0.0,1.0,1.0,0.0,1.0,1.0,27.9363265341
0,3.0,5.0,4.0,3.0,5.0,4.0,14.0,11.0,-99.0,-99.0,1.0,1.0,0.0,0.0,0.0,1.0,0.0,1.0,1.0,1.0,0.0,1.0,0.0,1.0,1.0,1.0,0.0,0.0,0.0,1.0,1.0,1.0,0.0,26.0079521137
0,3.0,5.0,4.0,3.0,5.0,4.0,16.0,13.0,-99.0,-99.0,1.0,1.0,0.0,1.0,1.0,0.0,1.0,1.0,0.0,1.0,1.0,0.0,0.0,1.0,1.0,1.0,1.0,0.0,0.0,1.0,1.0,1.0,1.0,28.6461945397
0,3.0,5.0,4.0,3.0,5.0,4.0,11.0,11.0,-99.0,-99.0,1.0,1.0,1.0,1.0,1.0,1.0,0.0,1.0,0.0,1.0,0.0,1.0,1.0,0.0,1.0,1.0,0.0,1.0,0.0,0.0,1.0,0.0,0.0,28.4974
0,2.0,2.0,5.0,2.0,2.0,5.0,8.0,12.0,-99.0,-99.0,1.0,1.0,1.0,1.0,1.0,1.0,1.0,1.0,1.0,1.0,1.0,1.0,1.0,0.0,1.0,1.0,1.0,0.0,0.0,0.0,1.0,1.0,1.0,26.9372730038
0,2.0,2.0,5.0,2.0,2.0,5.0,-99.0,-99.0,-99.0,-99.0,1.0,1.0,0.0,0.0,1.0,0.0,0.0,0.0,0.0,0.0,0.0,0.0,0.0,0.0,0.0,0.0,0.0,0.0,0.0,0.0,0.0,0.0,0.0,52.7831527691
0,2.0,2.0,5.0,2.0,2.0,5.0,-99.0,-99.0,-99.0,-99.0,1.0,1.0,1.0,1.0,1.0,0.0,0.0,0.0,0.0,0.0,0.0,0.0,0.0,0.0,0.0,0.0,0.0,0.0,0.0,0.0,0.0,0.0,0.0,25.99506
0,2.0,2.0,5.0,2.0,2.0,5.0,11.0,17.0,-99.0,-99.0,1.0,1.0,0.0,0.0,1.0,0.0,0.0,1.0,0.0,0.0,0.0,1.0,0.0,0.0,0.0,1.0,0.0,0.0,0.0,0.0,1.0,0.0,0.0,56.5913215332
0,2.0,2.0,5.0,2.0,2.0,5.0,7.0,16.0,17.0,28.0,1.0,1.0,0.0,1.0,1.0,1.0,0.0,1.0,1.0,0.0,0.0,1.0,1.0,1.0,0.0,1.0,1.0,1.0,1.0,0.0,1.0,1.0,1.0,25.9974
0,2.0,2.0,5.0,2.0,2.0,5.0,-99.0,-99.0,-99.0,-99.0,1.0,1.0,0.0,1.0,1.0,1.0,1.0,1.0,1.0,1.0,1.0,0.0,1.0,1.0,0.0,0.0,0.0,1.0,1.0,0.0,0.0,0.0,0.0,32.6080897154
0,2.0,2.0,5.0,2.0,2.0,5.0,6.0,13.0,-99.0,-99.0,1.0,1.0,1.0,1.0,1.0,1.0,1.0,1.0,1.0,1.0,1.0,0.0,1.0,1.0,0.0,0.0,0.0,1.0,1.0,0.0,0.0,0.0,0.0,25.272409645
0,2.0,2.0,5.0,2.0,2.0,5.0,-99.0,-99.0,-99.0,-99.0,0.0,1.0,1.0,0.0,1.0,0.0,0.0,1.0,1.0,1.0,0.0,1.0,1.0,1.0,1.0,1.0,0.0,1.0,0.0,0.0,1.0,0.0,0.0,25.1272218435
0,2.0,2.0,5.0,2.0,2.0,5.0,7.0,16.0,-99.0,-99.0,1.0,1.0,0.0,1.0,1.0,1.0,0.0,1.0,1.0,0.0,0.0,1.0,1.0,1.0,0.0,1.0,1.0,1.0,1.0,0.0,1.0,1.0,1.0,26.4688728131
0,2.0,2.0,5.0,2.0,2.0,5.0,8.0,12.0,-99.0,-99.0,1.0,1.0,0.0,1.0,1.0,0.0,1.0,1.0,1.0,0.0,1.0,1.0,0.0,1.0,1.0,1.0,1.0,0.0,0.0,1.0,1.0,1.0,1.0,33.0791274506
0,3.0,7.0,5.0,3.0,7.0,5.0,-99.0,-99.0,-99.0,-99.0,1.0,1.0,1.0,1.0,1.0,1.0,1.0,1.0,1.0,1.0,1.0,1.0,1.0,1.0,1.0,1.0,1.0,1.0,0.0,0.0,1.0,1.0,1.0,16.0105926513
0,3.0,6.0,8.0,3.0,6.0,8.0,-99.0,-99.0,11.0,12.0,1.0,1.0,0.0,0.0,0.0,0.0,0.0,1.0,0.0,0.0,0.0,1.0,0.0,0.0,0.0,1.0,1.0,0.0,0.0,0.0,1.0,0.0,1.0,29.8954047505
0,3.0,6.0,8.0,3.0,6.0,8.0,12.0,14.0,-99.0,-99.0,1.0,1.0,0.0,0.0,1.0,0.0,1.0,1.0,0.0,1.0,1.0,1.0,0.0,1.0,1.0,1.0,1.0,0.0,1.0,0.0,0.0,0.0,0.0,41.9336324327
0,3.0,6.0,8.0,3.0,6.0,8.0,11.0,15.0,-99.0,-99.0,1.0,1.0,1.0,1.0,0.0,1.0,0.0,0.0,1.0,1.0,0.0,0.0,1.0,1.0,1.0,1.0,1.0,1.0,1.0,1.0,1.0,1.0,1.0,25.1505996317
0,3.0,6.0,8.0,3.0,6.0,8.0,20.0,26.0,-99.0,-99.0,1.0,1.0,0.0,1.0,1.0,0.0,0.0,1.0,0.0,0.0,0.0,1.0,0.0,0.0,0.0,1.0,1.0,0.0,0.0,0.0,0.0,1.0,0.0,25.095440546
0,3.0,6.0,8.0,3.0,6.0,8.0,-99.0,-99.0,-99.0,-99.0,1.0,1.0,1.0,1.0,1.0,1.0,1.0,1.0,1.0,1.0,1.0,1.0,0.0,1.0,1.0,1.0,1.0,0.0,0.0,1.0,1.0,1.0,1.0,22.9244611848
0,3.0,6.0,8.0,3.0,6.0,8.0,12.0,15.0,16.0,15.0,1.0,1.0,0.0,0.0,0.0,0.0,0.0,1.0,0.0,0.0,0.0,1.0,0.0,0.0,0.0,1.0,1.0,0.0,0.0,0.0,1.0,1.0,1.0,24.7483416908
0,1.0,4.0,3.0,1.0,4.0,3.0,-99.0,-99.0,10.0,10.0,1.0,1.0,1.0,1.0,0.0,1.0,0.0,0.0,1.0,0.0,0.0,0.0,0.0,0.0,0.0,0.0,0.0,0.0,0.0,0.0,0.0,0.0,0.0,29.5196379055
0,0.0,5.0,2.0,0.0,5.0,2.0,-99.0,-99.0,-99.0,-99.0,1.0,1.0,0.0,1.0,0.0,1.0,0.0,1.0,1.0,0.0,0.0,1.0,0.0,1.0,1.0,1.0,0.0,0.0,0.0,1.0,1.0,0.0,0.0,25.9974
0,0.0,5.0,2.0,0.0,5.0,2.0,10.0,8.0,-99.0,-99.0,1.0,1.0,0.0,1.0,0.0,1.0,0.0,1.0,1.0,0.0,0.0,1.0,0.0,0.0,0.0,1.0,1.0,0.0,0.0,0.0,1.0,1.0,1.0,28.1673505287
0,0.0,5.0,2.0,0.0,5.0,2.0,14.0,6.0,-99.0,-99.0,1.0,1.0,0.0,0.0,1.0,0.0,0.0,1.0,1.0,1.0,0.0,1.0,1.0,1.0,1.0,1.0,0.0,0.0,1.0,1.0,1.0,0.0,0.0,33.3679817916
0,0.0,5.0,2.0,0.0,5.0,2.0,19.0,10.0,-99.0,-99.0,1.0,1.0,1.0,1.0,1.0,0.0,1.0,0.0,1.0,1.0,1.0,0.0,1.0,1.0,1.0,0.0,0.0,1.0,0.0,0.0,0.0,0.0,0.0,31.1980354617
0,0.0,5.0,2.0,0.0,5.0,2.0,-99.0,-99.0,-99.0,-99.0,0.0,1.0,1.0,1.0,1.0,1.0,1.0,1.0,1.0,1.0,0.0,1.0,1.0,1.0,1.0,1.0,1.0,1.0,1.0,1.0,0.0,0.0,1.0,17.6655040814
0,0.0,5.0,2.0,0.0,5.0,2.0,10.0,10.0,-99.0,-99.0,1.0,1.0,0.0,0.0,0.0,0.0,0.0,1.0,1.0,1.0,0.0,1.0,0.0,1.0,1.0,1.0,0.0,0.0,0.0,0.0,1.0,1.0,0.0,32.8346258393
0,2.0,6.0,6.0,2.0,6.0,6.0,14.0,12.0,-99.0,-99.0,1.0,1.0,1.0,1.0,1.0,1.0,0.0,1.0,1.0,1.0,0.0,0.0,0.0,1.0,1.0,1.0,0.0,0.0,1.0,1.0,1.0,0.0,0.0,30.4208234517
0,2.0,6.0,6.0,2.0,6.0,6.0,14.0,14.0,-99.0,-99.0,1.0,1.0,0.0,0.0,1.0,0.0,1.0,1.0,0.0,1.0,1.0,1.0,0.0,1.0,1.0,1.0,0.0,0.0,1.0,0.0,0.0,0.0,0.0,25.99506
0,2.0,6.0,6.0,2.0,6.0,6.0,-99.0,-99.0,-99.0,-99.0,1.0,1.0,0.0,1.0,0.0,1.0,1.0,0.0,1.0,1.0,0.0,0.0,1.0,1.0,1.0,1.0,0.0,1.0,1.0,1.0,1.0,1.0,0.0,28.7491616143
0,2.0,6.0,6.0,2.0,6.0,6.0,11.0,12.0,-99.0,-99.0,1.0,1.0,0.0,1.0,1.0,1.0,1.0,1.0,1.0,1.0,1.0,1.0,1.0,1.0,1.0,1.0,1.0,0.0,1.0,1.0,0.0,1.0,1.0,16.0001070064
0,2.0,6.0,6.0,2.0,6.0,6.0,12.0,11.0,-99.0,-99.0,1.0,1.0,1.0,1.0,1.0,1.0,1.0,1.0,1.0,1.0,1.0,1.0,1.0,1.0,1.0,1.0,0.0,1.0,1.0,0.0,1.0,0.0,0.0,25.9966945596
0,2.0,6.0,6.0,2.0,6.0,6.0,-99.0,-99.0,-99.0,-99.0,1.0,1.0,1.0,1.0,1.0,1.0,0.0,1.0,1.0,1.0,0.0,1.0,1.0,1.0,1.0,1.0,1.0,1.0,1.0,0.0,1.0,1.0,1.0,29.1290649177
0,2.0,6.0,6.0,2.0,6.0,6.0,15.0,14.0,-99.0,-99.0,1.0,1.0,1.0,0.0,1.0,0.0,1.0,1.0,0.0,0.0,1.0,1.0,0.0,0.0,0.0,1.0,0.0,0.0,0.0,0.0,1.0,0.0,0.0,25.9974
0,2.0,6.0,6.0,2.0,6.0,6.0,-99.0,-99.0,-99.0,-99.0,1.0,1.0,1.0,1.0,1.0,1.0,0.0,1.0,1.0,0.0,0.0,1.0,0.0,0.0,0.0,1.0,1.0,0.0,0.0,0.0,1.0,1.0,1.0,28.49506
0,2.0,6.0,6.0,2.0,6.0,6.0,-99.0,-99.0,-99.0,-99.0,1.0,1.0,0.0,1.0,0.0,1.0,1.0,1.0,0.0,1.0,1.0,1.0,0.0,0.0,1.0,1.0,1.0,0.0,0.0,1.0,1.0,1.0,1.0,26.0004551665
0,3.0,8.0,1.0,3.0,8.0,1.0,15.0,5.0,-99.0,-99.0,1.0,1.0,0.0,0.0,0.0,0.0,0.0,0.0,0.0,0.0,0.0,0.0,0.0,0.0,0.0,0.0,0.0,0.0,0.0,0.0,0.0,0.0,0.0,72.2806749733
0,3.0,8.0,1.0,3.0,8.0,1.0,19.0,6.0,-99.0,-99.0,1.0,1.0,0.0,1.0,0.0,1.0,0.0,0.0,1.0,1.0,0.0,0.0,1.0,1.0,0.0,0.0,0.0,1.0,1.0,0.0,0.0,0.0,0.0,6.92641293615
0,1.0,7.0,7.0,1.0,7.0,7.0,29.0,30.0,19.0,14.0,1.0,1.0,0.0,0.0,0.0,0.0,0.0,1.0,0.0,0.0,0.0,1.0,0.0,0.0,0.0,1.0,1.0,0.0,0.0,0.0,1.0,1.0,1.0,24.3506328418
0,2.0,6.0,4.0,2.0,6.0,4.0,12.0,13.0,-99.0,-99.0,1.0,1.0,0.0,0.0,0.0,0.0,1.0,1.0,0.0,0.0,1.0,0.0,0.0,0.0,1.0,0.0,0.0,0.0,0.0,0.0,0.0,0.0,0.0,34.5588470228
0,2.0,6.0,4.0,2.0,6.0,4.0,14.0,12.0,-99.0,-99.0,1.0,1.0,0.0,1.0,1.0,1.0,1.0,1.0,1.0,1.0,1.0,0.0,0.0,1.0,1.0,0.0,0.0,0.0,1.0,1.0,0.0,0.0,0.0,25.993737791
0,2.0,6.0,4.0,2.0,6.0,4.0,8.0,10.0,-99.0,-99.0,0.0,1.0,1.0,1.0,1.0,1.0,1.0,1.0,1.0,1.0,1.0,1.0,1.0,1.0,1.0,1.0,0.0,1.0,0.0,1.0,1.0,0.0,0.0,15.990565094
0,2.0,6.0,4.0,2.0,6.0,4.0,10.0,9.0,-99.0,-99.0,1.0,1.0,1.0,1.0,1.0,1.0,1.0,1.0,1.0,0.0,1.0,1.0,0.0,0.0,1.0,1.0,0.0,0.0,0.0,0.0,1.0,1.0,0.0,18.74689026
0,2.0,6.0,4.0,2.0,6.0,4.0,-99.0,-99.0,-99.0,-99.0,1.0,1.0,1.0,1.0,1.0,1.0,1.0,1.0,0.0,0.0,1.0,0.0,0.0,0.0,1.0,0.0,0.0,0.0,0.0,1.0,0.0,0.0,0.0,28.4974
0,2.0,6.0,4.0,2.0,6.0,4.0,-99.0,-99.0,11.0,8.0,1.0,1.0,1.0,1.0,0.0,1.0,0.0,0.0,1.0,0.0,0.0,0.0,0.0,0.0,1.0,0.0,0.0,0.0,0.0,1.0,0.0,0.0,0.0,28.4974
0,2.0,6.0,4.0,2.0,6.0,4.0,-99.0,-99.0,-99.0,-99.0,1.0,1.0,0.0,0.0,0.0,0.0,1.0,1.0,0.0,1.0,1.0,0.0,0.0,0.0,1.0,0.0,0.0,0.0,0.0,0.0,0.0,0.0,0.0,25.99506
0,2.0,6.0,4.0,2.0,6.0,4.0,15.0,13.0,-99.0,-99.0,1.0,1.0,1.0,1.0,1.0,1.0,0.0,1.0,1.0,1.0,0.0,0.0,0.0,1.0,1.0,0.0,0.0,0.0,1.0,1.0,1.0,0.0,0.0,25.99714026
0,2.0,6.0,4.0,2.0,6.0,4.0,14.0,12.0,-99.0,-99.0,1.0,1.0,1.0,1.0,1.0,1.0,0.0,1.0,1.0,0.0,0.0,0.0,0.0,1.0,1.0,0.0,0.0,0.0,1.0,1.0,1.0,0.0,0.0,28.5145059908
0,2.0,6.0,4.0,2.0,6.0,4.0,-99.0,-99.0,10.0,9.0,1.0,1.0,0.0,0.0,0.0,0.0,0.0,1.0,0.0,0.0,0.0,1.0,0.0,0.0,1.0,1.0,0.0,0.0,0.0,0.0,1.0,0.0,0.0,72.6972922415
0,2.0,6.0,4.0,2.0,6.0,4.0,12.0,13.0,-99.0,-99.0,1.0,1.0,0.0,0.0,0.0,0.0,0.0,1.0,0.0,1.0,0.0,1.0,0.0,0.0,1.0,1.0,0.0,0.0,0.0,0.0,1.0,0.0,0.0,25.994566494
0,2.0,5.0,2.0,2.0,5.0,2.0,9.0,7.0,48.0,42.0,0.0,1.0,1.0,1.0,1.0,1.0,1.0,1.0,1.0,1.0,1.0,1.0,1.0,1.0,1.0,1.0,0.0,1.0,0.0,1.0,1.0,0.0,0.0,9.82142823792
0,2.0,5.0,2.0,2.0,5.0,2.0,16.0,12.0,-99.0,-99.0,1.0,1.0,0.0,1.0,1.0,1.0,0.0,1.0,1.0,0.0,0.0,1.0,0.0,0.0,0.0,1.0,0.0,0.0,0.0,0.0,1.0,0.0,0.0,19.8107036012
0,2.0,5.0,2.0,2.0,5.0,2.0,13.0,10.0,-99.0,-99.0,1.0,1.0,0.0,1.0,0.0,0.0,1.0,0.0,1.0,1.0,1.0,0.0,1.0,1.0,1.0,0.0,0.0,0.0,1.0,0.0,0.0,0.0,0.0,25.9974
0,2.0,5.0,2.0,2.0,5.0,2.0,-99.0,-99.0,8.0,7.0,1.0,1.0,0.0,1.0,0.0,0.0,0.0,0.0,1.0,1.0,0.0,0.0,0.0,1.0,1.0,0.0,0.0,0.0,0.0,1.0,0.0,0.0,0.0,23.2205722967
0,2.0,5.0,2.0,2.0,5.0,2.0,-99.0,-99.0,-99.0,-99.0,1.0,1.0,1.0,1.0,1.0,1.0,1.0,1.0,1.0,1.0,1.0,0.0,0.0,1.0,1.0,0.0,0.0,0.0,0.0,1.0,0.0,0.0,0.0,27.1740794736
0,0.0,2.0,4.0,0.0,2.0,4.0,-99.0,-99.0,-99.0,-99.0,1.0,1.0,1.0,1.0,1.0,0.0,1.0,1.0,0.0,0.0,0.0,0.0,0.0,0.0,0.0,0.0,0.0,0.0,0.0,0.0,0.0,0.0,0.0,26.1468615152
0,0.0,2.0,4.0,0.0,2.0,4.0,10.0,11.0,-99.0,-99.0,0.0,1.0,1.0,1.0,1.0,1.0,0.0,1.0,1.0,1.0,0.0,1.0,1.0,1.0,1.0,1.0,0.0,1.0,0.0,0.0,1.0,0.0,0.0,25.9902381331
0,0.0,2.0,4.0,0.0,2.0,4.0,-99.0,-99.0,-99.0,-99.0,1.0,1.0,0.0,1.0,0.0,1.0,0.0,0.0,1.0,1.0,0.0,0.0,1.0,0.0,1.0,0.0,0.0,0.0,0.0,0.0,1.0,0.0,0.0,45.6408184822
0,0.0,2.0,4.0,0.0,2.0,4.0,9.0,10.0,-99.0,-99.0,1.0,1.0,1.0,1.0,1.0,1.0,1.0,1.0,1.0,1.0,1.0,0.0,1.0,1.0,0.0,0.0,0.0,1.0,1.0,0.0,0.0,0.0,0.0,19.8759821723
0,0.0,2.0,4.0,0.0,2.0,4.0,-99.0,-99.0,-99.0,-99.0,1.0,1.0,1.0,1.0,1.0,0.0,0.0,0.0,0.0,0.0,0.0,0.0,0.0,0.0,0.0,0.0,0.0,0.0,0.0,0.0,0.0,0.0,0.0,30.4932032606
0,0.0,2.0,4.0,0.0,2.0,4.0,7.0,11.0,-99.0,-99.0,0.0,1.0,1.0,1.0,1.0,0.0,0.0,1.0,1.0,1.0,0.0,1.0,1.0,1.0,1.0,1.0,0.0,1.0,0.0,0.0,1.0,0.0,0.0,25.99714026
0,0.0,2.0,4.0,0.0,2.0,4.0,8.0,15.0,-99.0,-99.0,1.0,1.0,0.0,1.0,0.0,0.0,0.0,0.0,0.0,0.0,0.0,0.0,0.0,0.0,0.0,0.0,0.0,0.0,0.0,0.0,0.0,0.0,0.0,39.1013054385
0,1.0,5.0,2.0,1.0,5.0,2.0,12.0,6.0,-99.0,-99.0,1.0,1.0,1.0,1.0,1.0,0.0,1.0,0.0,1.0,1.0,1.0,0.0,1.0,1.0,1.0,0.0,0.0,1.0,1.0,0.0,0.0,0.0,0.0,15.994826234
0,1.0,5.0,2.0,1.0,5.0,2.0,-99.0,-99.0,7.0,8.0,1.0,1.0,1.0,1.0,0.0,1.0,0.0,0.0,1.0,0.0,0.0,0.0,0.0,0.0,0.0,0.0,0.0,0.0,0.0,0.0,0.0,0.0,0.0,52.5454315132
0,1.0,5.0,2.0,1.0,5.0,2.0,10.0,7.0,-99.0,-99.0,1.0,1.0,1.0,1.0,1.0,1.0,1.0,1.0,1.0,1.0,1.0,1.0,0.0,0.0,1.0,1.0,1.0,0.0,0.0,1.0,1.0,1.0,1.0,29.3027363051
0,1.0,5.0,2.0,1.0,5.0,2.0,-99.0,-99.0,10.0,6.0,1.0,1.0,1.0,1.0,0.0,1.0,0.0,0.0,1.0,0.0,0.0,0.0,1.0,1.0,0.0,0.0,0.0,0.0,1.0,0.0,0.0,0.0,0.0,46.4313688244
0,1.0,5.0,2.0,1.0,5.0,2.0,-99.0,-99.0,-99.0,-99.0,0.0,1.0,1.0,1.0,1.0,1.0,1.0,1.0,1.0,1.0,0.0,1.0,1.0,1.0,1.0,1.0,1.0,0.0,1.0,1.0,0.0,0.0,1.0,16.2639651577
0,1.0,5.0,2.0,1.0,5.0,2.0,-99.0,-99.0,8.0,7.0,1.0,1.0,0.0,1.0,0.0,1.0,0.0,0.0,1.0,0.0,0.0,0.0,0.0,1.0,0.0,0.0,0.0,0.0,0.0,0.0,0.0,0.0,0.0,26.2640912762
0,1.0,5.0,2.0,1.0,5.0,2.0,15.0,12.0,-99.0,-99.0,1.0,1.0,0.0,1.0,0.0,0.0,1.0,0.0,1.0,1.0,1.0,0.0,0.0,1.0,0.0,0.0,0.0,0.0,0.0,0.0,0.0,0.0,0.0,25.9974
0,3.0,8.0,5.0,3.0,8.0,5.0,26.0,18.0,-99.0,-99.0,1.0,1.0,0.0,0.0,1.0,0.0,0.0,1.0,0.0,0.0,0.0,1.0,0.0,0.0,0.0,1.0,0.0,0.0,0.0,0.0,1.0,0.0,0.0,15.9974
0,1.0,8.0,1.0,1.0,8.0,1.0,-99.0,-99.0,-99.0,-99.0,1.0,1.0,0.0,0.0,0.0,0.0,0.0,1.0,1.0,1.0,0.0,1.0,1.0,1.0,1.0,1.0,1.0,1.0,1.0,0.0,1.0,0.0,1.0,-1.07406754937
0,1.0,8.0,1.0,1.0,8.0,1.0,19.0,6.0,-99.0,-99.0,1.0,1.0,0.0,1.0,0.0,0.0,1.0,0.0,1.0,1.0,1.0,0.0,1.0,1.0,0.0,0.0,0.0,1.0,1.0,0.0,0.0,0.0,0.0,16.8945300566
0,1.0,8.0,1.0,1.0,8.0,1.0,15.0,5.0,-99.0,-99.0,1.0,1.0,0.0,0.0,0.0,0.0,0.0,0.0,0.0,0.0,0.0,0.0,0.0,0.0,0.0,0.0,0.0,0.0,0.0,0.0,0.0,0.0,0.0,113.074461986
0,3.0,8.0,7.0,3.0,8.0,7.0,-99.0,-99.0,11.0,11.0,1.0,1.0,0.0,0.0,0.0,0.0,0.0,1.0,0.0,0.0,0.0,1.0,0.0,0.0,0.0,1.0,0.0,0.0,0.0,0.0,1.0,1.0,0.0,16.9626056426
0,3.0,8.0,7.0,3.0,8.0,7.0,-99.0,-99.0,-99.0,-99.0,1.0,1.0,1.0,1.0,0.0,1.0,0.0,0.0,1.0,1.0,0.0,0.0,1.0,1.0,1.0,1.0,1.0,1.0,1.0,0.0,1.0,1.0,1.0,8.11212009501
0,3.0,8.0,7.0,3.0,8.0,7.0,-99.0,-99.0,-99.0,-99.0,1.0,1.0,1.0,1.0,1.0,1.0,1.0,1.0,1.0,1.0,1.0,1.0,1.0,1.0,1.0,0.0,1.0,1.0,1.0,0.0,0.0,1.0,0.0,26.0
0,3.0,8.0,7.0,3.0,8.0,7.0,22.0,23.0,15.0,12.0,1.0,1.0,0.0,0.0,0.0,0.0,0.0,1.0,0.0,0.0,0.0,1.0,0.0,0.0,0.0,0.0,1.0,0.0,0.0,0.0,0.0,1.0,1.0,15.6001178611
0,1.0,2.0,5.0,1.0,2.0,5.0,6.0,10.0,-99.0,-99.0,0.0,1.0,1.0,1.0,1.0,1.0,1.0,1.0,1.0,1.0,0.0,1.0,1.0,1.0,1.0,1.0,1.0,0.0,1.0,1.0,0.0,0.0,1.0,19.9765124437
0,1.0,2.0,5.0,1.0,2.0,5.0,-99.0,-99.0,-99.0,-99.0,0.0,1.0,1.0,0.0,1.0,0.0,0.0,1.0,1.0,1.0,0.0,1.0,1.0,1.0,1.0,1.0,0.0,1.0,0.0,0.0,1.0,0.0,0.0,26.057857045
0,1.0,2.0,5.0,1.0,2.0,5.0,-99.0,-99.0,-99.0,-99.0,1.0,1.0,0.0,0.0,1.0,0.0,1.0,1.0,0.0,1.0,1.0,0.0,0.0,1.0,1.0,0.0,0.0,0.0,1.0,0.0,0.0,0.0,0.0,26.0177636402
0,1.0,2.0,5.0,1.0,2.0,5.0,11.0,17.0,-99.0,-99.0,1.0,1.0,1.0,1.0,1.0,1.0,0.0,0.0,0.0,0.0,0.0,0.0,0.0,0.0,1.0,0.0,0.0,0.0,0.0,1.0,0.0,0.0,0.0,39.1961677066
0,1.0,2.0,5.0,1.0,2.0,5.0,9.0,15.0,-99.0,-99.0,1.0,1.0,1.0,1.0,1.0,1.0,0.0,1.0,1.0,0.0,0.0,1.0,0.0,0.0,0.0,1.0,1.0,0.0,0.0,0.0,1.0,1.0,1.0,26.0151540077
0,1.0,2.0,5.0,1.0,2.0,5.0,-99.0,-99.0,-99.0,-99.0,1.0,1.0,1.0,1.0,1.0,1.0,1.0,0.0,1.0,1.0,1.0,0.0,1.0,1.0,1.0,0.0,0.0,1.0,1.0,0.0,0.0,0.0,0.0,29.2381935418
0,1.0,2.0,5.0,1.0,2.0,5.0,10.0,14.0,22.0,25.0,1.0,1.0,1.0,1.0,1.0,1.0,0.0,0.0,0.0,0.0,0.0,0.0,0.0,0.0,1.0,0.0,0.0,0.0,0.0,1.0,0.0,0.0,0.0,28.4974
0,1.0,2.0,5.0,1.0,2.0,5.0,-99.0,-99.0,-99.0,-99.0,1.0,1.0,0.0,0.0,1.0,0.0,0.0,0.0,0.0,0.0,0.0,0.0,0.0,0.0,0.0,0.0,0.0,0.0,0.0,0.0,0.0,0.0,0.0,72.4144090435
0,1.0,2.0,5.0,1.0,2.0,5.0,10.0,18.0,-99.0,-99.0,1.0,1.0,0.0,0.0,1.0,0.0,0.0,1.0,0.0,0.0,0.0,1.0,0.0,0.0,0.0,1.0,0.0,0.0,0.0,0.0,1.0,0.0,0.0,25.9943588826
0,1.0,2.0,5.0,1.0,2.0,5.0,-99.0,-99.0,-99.0,-99.0,1.0,1.0,1.0,1.0,1.0,1.0,0.0,0.0,1.0,1.0,0.0,0.0,1.0,1.0,1.0,1.0,1.0,1.0,1.0,0.0,1.0,1.0,1.0,28.4974
0,1.0,5.0,4.0,1.0,5.0,4.0,8.0,8.0,-99.0,-99.0,1.0,1.0,1.0,1.0,1.0,1.0,1.0,1.0,1.0,1.0,1.0,0.0,1.0,1.0,0.0,0.0,0.0,1.0,1.0,0.0,0.0,0.0,0.0,43.0037659846
0,1.0,5.0,4.0,1.0,5.0,4.0,-99.0,-99.0,8.0,8.0,1.0,1.0,0.0,0.0,0.0,0.0,0.0,1.0,0.0,1.0,0.0,1.0,0.0,0.0,1.0,1.0,0.0,0.0,0.0,0.0,1.0,0.0,0.0,27.9733899408
0,1.0,5.0,4.0,1.0,5.0,4.0,-99.0,-99.0,-99.0,-99.0,1.0,1.0,0.0,1.0,0.0,0.0,1.0,0.0,0.0,1.0,0.0,0.0,0.0,0.0,0.0,0.0,0.0,0.0,0.0,0.0,0.0,0.0,0.0,30.51744426
0,1.0,5.0,4.0,1.0,5.0,4.0,-99.0,-99.0,-99.0,-99.0,1.0,1.0,0.0,0.0,0.0,0.0,0.0,0.0,0.0,0.0,0.0,0.0,0.0,0.0,0.0,0.0,0.0,0.0,0.0,0.0,0.0,0.0,0.0,195.637191055
0,1.0,5.0,4.0,1.0,5.0,4.0,-99.0,-99.0,-99.0,-99.0,1.0,1.0,0.0,0.0,0.0,0.0,1.0,1.0,0.0,1.0,1.0,0.0,0.0,0.0,1.0,0.0,0.0,0.0,0.0,0.0,0.0,0.0,0.0,26.7880679433
0,1.0,5.0,4.0,1.0,5.0,4.0,-99.0,-99.0,-99.0,-99.0,1.0,1.0,1.0,1.0,0.0,0.0,1.0,1.0,0.0,1.0,1.0,0.0,0.0,1.0,0.0,0.0,0.0,0.0,1.0,0.0,0.0,0.0,0.0,28.74689026
0,1.0,5.0,4.0,1.0,5.0,4.0,-99.0,-99.0,7.0,9.0,1.0,1.0,1.0,1.0,0.0,1.0,0.0,0.0,0.0,1.0,0.0,0.0,0.0,0.0,0.0,0.0,0.0,0.0,0.0,0.0,0.0,0.0,0.0,40.0849348265
0,1.0,5.0,4.0,1.0,5.0,4.0,14.0,13.0,-99.0,-99.0,1.0,1.0,0.0,1.0,0.0,1.0,0.0,1.0,1.0,1.0,0.0,1.0,1.0,1.0,1.0,1.0,1.0,1.0,1.0,0.0,1.0,0.0,1.0,16.1425038407
0,1.0,5.0,4.0,1.0,5.0,4.0,16.0,16.0,-99.0,-99.0,1.0,1.0,1.0,1.0,1.0,0.0,0.0,1.0,0.0,1.0,0.0,1.0,0.0,1.0,1.0,1.0,0.0,0.0,0.0,1.0,1.0,0.0,0.0,25.9968621229
0,1.0,5.0,4.0,1.0,5.0,4.0,11.0,11.0,-99.0,-99.0,0.0,1.0,1.0,1.0,1.0,1.0,1.0,1.0,1.0,1.0,0.0,1.0,1.0,1.0,1.0,1.0,1.0,1.0,1.0,1.0,0.0,0.0,1.0,18.422448154
0,1.0,5.0,4.0,1.0,5.0,4.0,15.0,13.0,-99.0,-99.0,1.0,1.0,0.0,1.0,0.0,1.0,0.0,1.0,1.0,1.0,0.0,1.0,0.0,1.0,0.0,1.0,1.0,0.0,1.0,0.0,0.0,0.0,1.0,23.7822780185
0,1.0,5.0,4.0,1.0,5.0,4.0,10.0,12.0,12.0,10.0,1.0,1.0,1.0,1.0,0.0,1.0,0.0,0.0,1.0,1.0,0.0,0.0,0.0,0.0,1.0,0.0,0.0,0.0,0.0,1.0,0.0,0.0,0.0,26.5651002219
0,1.0,5.0,4.0,1.0,5.0,4.0,-99.0,-99.0,-99.0,-99.0,1.0,1.0,1.0,1.0,1.0,1.0,1.0,1.0,1.0,1.0,1.0,1.0,0.0,0.0,1.0,1.0,0.0,0.0,0.0,0.0,1.0,1.0,0.0,25.9974
0,3.0,2.0,5.0,3.0,2.0,5.0,10.0,10.0,-99.0,-99.0,0.0,1.0,1.0,1.0,1.0,1.0,0.0,1.0,1.0,1.0,0.0,1.0,1.0,1.0,1.0,1.0,0.0,1.0,0.0,0.0,1.0,0.0,0.0,41.5043717506
0,3.0,2.0,5.0,3.0,2.0,5.0,10.0,11.0,-99.0,-99.0,1.0,1.0,1.0,1.0,1.0,1.0,1.0,1.0,1.0,1.0,1.0,1.0,1.0,0.0,1.0,1.0,1.0,0.0,0.0,0.0,1.0,1.0,1.0,10.7720322075
0,3.0,2.0,5.0,3.0,2.0,5.0,9.0,15.0,-99.0,-99.0,1.0,1.0,0.0,1.0,1.0,1.0,0.0,1.0,1.0,1.0,0.0,1.0,1.0,1.0,1.0,1.0,1.0,1.0,1.0,1.0,1.0,0.0,1.0,32.7449028209
0,3.0,2.0,5.0,3.0,2.0,5.0,7.0,11.0,-99.0,-99.0,1.0,0.0,1.0,1.0,1.0,0.0,0.0,1.0,0.0,0.0,0.0,1.0,0.0,0.0,0.0,1.0,1.0,0.0,0.0,0.0,0.0,1.0,1.0,32.3636474662
0,3.0,2.0,5.0,3.0,2.0,5.0,-99.0,-99.0,-99.0,-99.0,1.0,1.0,1.0,1.0,1.0,0.0,0.0,0.0,0.0,0.0,0.0,0.0,0.0,0.0,0.0,0.0,0.0,0.0,0.0,0.0,0.0,0.0,0.0,23.4403445248
0,3.0,2.0,5.0,3.0,2.0,5.0,-99.0,-99.0,-99.0,-99.0,1.0,1.0,0.0,0.0,1.0,0.0,0.0,1.0,0.0,0.0,0.0,1.0,0.0,0.0,0.0,0.0,1.0,0.0,0.0,0.0,0.0,1.0,1.0,32.0969036319
0,3.0,2.0,5.0,3.0,2.0,5.0,-99.0,-99.0,-99.0,-99.0,1.0,1.0,0.0,0.0,1.0,0.0,1.0,1.0,0.0,1.0,1.0,0.0,0.0,1.0,1.0,0.0,0.0,0.0,1.0,0.0,0.0,0.0,0.0,25.99506
0,3.0,2.0,5.0,3.0,2.0,5.0,-99.0,-99.0,-99.0,-99.0,1.0,1.0,1.0,1.0,1.0,0.0,1.0,0.0,0.0,0.0,0.0,0.0,0.0,0.0,0.0,0.0,0.0,0.0,0.0,0.0,0.0,0.0,0.0,26.9038363195
0,3.0,2.0,5.0,3.0,2.0,5.0,-99.0,-99.0,-99.0,-99.0,1.0,1.0,0.0,1.0,1.0,1.0,1.0,1.0,1.0,1.0,1.0,1.0,1.0,1.0,1.0,1.0,1.0,1.0,1.0,1.0,1.0,1.0,1.0,26.0293183642
0,3.0,2.0,5.0,3.0,2.0,5.0,10.0,9.0,-99.0,-99.0,0.0,1.0,1.0,1.0,1.0,1.0,0.0,1.0,1.0,1.0,0.0,1.0,1.0,1.0,1.0,1.0,0.0,1.0,0.0,0.0,1.0,0.0,0.0,25.9974
0,3.0,2.0,5.0,3.0,2.0,5.0,7.0,12.0,-99.0,-99.0,1.0,1.0,1.0,1.0,1.0,1.0,1.0,1.0,1.0,1.0,1.0,0.0,1.0,1.0,0.0,0.0,0.0,1.0,1.0,0.0,0.0,0.0,0.0,18.0247243287
0,2.0,5.0,4.0,2.0,5.0,4.0,16.0,14.0,-99.0,-99.0,1.0,1.0,0.0,1.0,0.0,1.0,0.0,0.0,1.0,1.0,0.0,0.0,0.0,1.0,0.0,0.0,0.0,0.0,1.0,0.0,0.0,0.0,0.0,25.6053542244
0,2.0,5.0,4.0,2.0,5.0,4.0,-99.0,-99.0,-99.0,-99.0,0.0,1.0,1.0,1.0,0.0,1.0,0.0,1.0,1.0,1.0,0.0,1.0,1.0,1.0,1.0,1.0,0.0,0.0,0.0,1.0,1.0,0.0,0.0,25.9961482998
0,2.0,5.0,4.0,2.0,5.0,4.0,-99.0,-99.0,-99.0,-99.0,1.0,1.0,0.0,1.0,0.0,1.0,0.0,0.0,0.0,1.0,0.0,0.0,0.0,0.0,0.0,0.0,0.0,0.0,0.0,0.0,0.0,0.0,0.0,25.9974
0,2.0,5.0,4.0,2.0,5.0,4.0,12.0,9.0,-99.0,-99.0,1.0,1.0,1.0,1.0,1.0,1.0,1.0,0.0,1.0,1.0,1.0,0.0,1.0,1.0,1.0,0.0,0.0,1.0,1.0,0.0,0.0,0.0,0.0,16.5195467812
0,1.0,8.0,7.0,1.0,8.0,7.0,16.0,16.0,17.0,12.0,1.0,1.0,0.0,0.0,0.0,0.0,0.0,1.0,0.0,0.0,0.0,1.0,0.0,0.0,0.0,1.0,1.0,0.0,0.0,0.0,1.0,1.0,1.0,8.48365023992
0,1.0,3.0,6.0,1.0,3.0,6.0,-99.0,-99.0,-99.0,-99.0,1.0,1.0,0.0,1.0,0.0,1.0,1.0,1.0,1.0,1.0,1.0,0.0,0.0,1.0,1.0,0.0,0.0,0.0,1.0,1.0,0.0,0.0,0.0,29.2433060201
0,1.0,3.0,6.0,1.0,3.0,6.0,-99.0,-99.0,-99.0,-99.0,1.0,1.0,1.0,1.0,1.0,1.0,1.0,1.0,1.0,1.0,1.0,1.0,0.0,1.0,1.0,1.0,1.0,0.0,0.0,1.0,1.0,1.0,1.0,28.2831876317
0,1.0,3.0,6.0,1.0,3.0,6.0,8.0,15.0,-99.0,-99.0,1.0,1.0,0.0,0.0,1.0,0.0,1.0,1.0,0.0,1.0,1.0,0.0,0.0,1.0,1.0,0.0,0.0,0.0,1.0,0.0,0.0,0.0,0.0,42.4003470377
0,1.0,3.0,6.0,1.0,3.0,6.0,-99.0,-99.0,-99.0,-99.0,1.0,1.0,0.0,0.0,1.0,0.0,0.0,1.0,0.0,0.0,0.0,0.0,0.0,0.0,0.0,0.0,0.0,0.0,0.0,0.0,0.0,0.0,0.0,71.1463423729
0,1.0,3.0,6.0,1.0,3.0,6.0,-99.0,-99.0,-99.0,-99.0,1.0,1.0,1.0,1.0,1.0,1.0,0.0,1.0,1.0,1.0,0.0,0.0,1.0,1.0,1.0,1.0,1.0,1.0,1.0,0.0,1.0,1.0,1.0,28.49506
0,1.0,3.0,6.0,1.0,3.0,6.0,-99.0,-99.0,7.0,11.0,1.0,1.0,0.0,0.0,0.0,0.0,0.0,1.0,0.0,0.0,0.0,1.0,0.0,0.0,0.0,1.0,0.0,0.0,0.0,0.0,0.0,0.0,0.0,26.2214451566
0,1.0,3.0,6.0,1.0,3.0,6.0,8.0,11.0,-99.0,-99.0,0.0,1.0,1.0,1.0,1.0,1.0,1.0,1.0,1.0,1.0,0.0,1.0,1.0,1.0,1.0,1.0,1.0,0.0,1.0,1.0,0.0,0.0,1.0,27.7397476024
0,1.0,3.0,6.0,1.0,3.0,6.0,11.0,14.0,-99.0,-99.0,1.0,1.0,0.0,0.0,1.0,0.0,0.0,1.0,0.0,0.0,0.0,1.0,0.0,0.0,0.0,1.0,0.0,0.0,0.0,0.0,1.0,0.0,0.0,25.99506
0,1.0,3.0,6.0,1.0,3.0,6.0,11.0,15.0,-99.0,-99.0,1.0,1.0,0.0,0.0,1.0,0.0,1.0,1.0,0.0,1.0,1.0,1.0,0.0,1.0,1.0,1.0,0.0,0.0,1.0,0.0,0.0,0.0,0.0,25.9879331648
0,1.0,3.0,6.0,1.0,3.0,6.0,-99.0,-99.0,6.0,12.0,1.0,1.0,0.0,0.0,0.0,0.0,0.0,1.0,0.0,0.0,0.0,0.0,0.0,0.0,0.0,0.0,0.0,0.0,0.0,0.0,0.0,0.0,0.0,29.2863234786
0,1.0,3.0,6.0,1.0,3.0,6.0,-99.0,-99.0,-99.0,-99.0,1.0,1.0,0.0,0.0,0.0,1.0,1.0,1.0,1.0,1.0,1.0,1.0,1.0,1.0,1.0,1.0,0.0,1.0,1.0,1.0,1.0,0.0,0.0,27.2859183175
0,0.0,8.0,7.0,0.0,8.0,7.0,22.0,23.0,-99.0,-99.0,1.0,1.0,0.0,0.0,1.0,0.0,0.0,1.0,0.0,0.0,0.0,1.0,0.0,0.0,0.0,0.0,1.0,0.0,0.0,0.0,0.0,1.0,0.0,27.3567722181
0,0.0,8.0,7.0,0.0,8.0,7.0,12.0,12.0,-99.0,-99.0,1.0,1.0,1.0,1.0,1.0,1.0,1.0,1.0,1.0,1.0,1.0,1.0,1.0,1.0,1.0,0.0,1.0,1.0,0.0,0.0,0.0,1.0,0.0,26.2951953335
0,0.0,8.0,7.0,0.0,8.0,7.0,14.0,13.0,-99.0,-99.0,0.0,1.0,1.0,1.0,1.0,1.0,1.0,1.0,1.0,1.0,1.0,1.0,1.0,1.0,1.0,1.0,0.0,1.0,0.0,1.0,1.0,1.0,0.0,43.280212115
0,0.0,8.0,7.0,0.0,8.0,7.0,17.0,17.0,-99.0,-99.0,1.0,1.0,0.0,1.0,1.0,0.0,0.0,1.0,0.0,0.0,0.0,1.0,0.0,0.0,0.0,1.0,1.0,0.0,0.0,0.0,0.0,1.0,0.0,26.4038714562
0,0.0,8.0,7.0,0.0,8.0,7.0,-99.0,-99.0,-99.0,-99.0,1.0,1.0,1.0,1.0,1.0,1.0,1.0,1.0,1.0,1.0,1.0,1.0,0.0,1.0,1.0,1.0,1.0,0.0,0.0,1.0,1.0,1.0,1.0,24.0754850868
0,0.0,8.0,7.0,0.0,8.0,7.0,16.0,18.0,-99.0,-99.0,1.0,1.0,0.0,1.0,1.0,0.0,0.0,1.0,0.0,0.0,0.0,1.0,0.0,0.0,0.0,1.0,0.0,0.0,0.0,0.0,0.0,1.0,0.0,37.2529968835
0,2.0,8.0,8.0,2.0,8.0,8.0,-99.0,-99.0,-99.0,-99.0,1.0,1.0,0.0,0.0,1.0,0.0,1.0,1.0,0.0,1.0,1.0,1.0,0.0,1.0,1.0,1.0,1.0,0.0,1.0,0.0,0.0,1.0,1.0,25.4787717773
0,2.0,8.0,8.0,2.0,8.0,8.0,15.0,20.0,-99.0,-99.0,1.0,1.0,0.0,0.0,0.0,0.0,0.0,0.0,0.0,0.0,0.0,0.0,0.0,0.0,0.0,0.0,0.0,0.0,0.0,0.0,0.0,0.0,0.0,188.114918692
0,2.0,8.0,8.0,2.0,8.0,8.0,16.0,15.0,-99.0,-99.0,1.0,1.0,1.0,1.0,0.0,1.0,0.0,0.0,1.0,1.0,0.0,0.0,1.0,1.0,1.0,1.0,1.0,1.0,1.0,1.0,1.0,1.0,1.0,40.5543292879
0,1.0,8.0,5.0,1.0,8.0,5.0,-99.0,-99.0,10.0,11.0,1.0,1.0,0.0,0.0,0.0,0.0,0.0,1.0,0.0,0.0,0.0,1.0,0.0,0.0,0.0,1.0,0.0,0.0,0.0,0.0,1.0,0.0,0.0,6.61208032492
0,1.0,8.0,5.0,1.0,8.0,5.0,16.0,14.0,17.0,10.0,1.0,1.0,0.0,1.0,0.0,1.0,0.0,0.0,1.0,1.0,0.0,0.0,1.0,0.0,1.0,0.0,0.0,0.0,0.0,0.0,1.0,0.0,0.0,13.8515150627
0,1.0,3.0,4.0,1.0,3.0,4.0,12.0,11.0,-99.0,-99.0,1.0,1.0,1.0,1.0,0.0,1.0,1.0,0.0,1.0,1.0,1.0,0.0,0.0,1.0,1.0,0.0,0.0,0.0,0.0,0.0,1.0,0.0,0.0,25.99506
0,1.0,3.0,4.0,1.0,3.0,4.0,12.0,11.0,-99.0,-99.0,0.0,1.0,1.0,1.0,1.0,1.0,1.0,1.0,1.0,1.0,1.0,0.0,1.0,1.0,1.0,0.0,0.0,1.0,0.0,1.0,0.0,0.0,0.0,17.232424901
0,1.0,3.0,4.0,1.0,3.0,4.0,11.0,8.0,-99.0,-99.0,1.0,1.0,1.0,1.0,1.0,1.0,1.0,1.0,0.0,0.0,0.0,0.0,0.0,0.0,1.0,0.0,0.0,0.0,0.0,1.0,0.0,0.0,0.0,41.2790411039
0,1.0,3.0,4.0,1.0,3.0,4.0,9.0,9.0,-99.0,-99.0,1.0,1.0,1.0,1.0,1.0,1.0,1.0,1.0,1.0,0.0,1.0,1.0,0.0,0.0,0.0,1.0,0.0,0.0,0.0,0.0,1.0,1.0,0.0,25.994566494
0,1.0,3.0,4.0,1.0,3.0,4.0,-99.0,-99.0,-99.0,-99.0,1.0,1.0,0.0,1.0,0.0,0.0,1.0,0.0,0.0,0.0,1.0,0.0,0.0,0.0,0.0,0.0,0.0,0.0,0.0,0.0,0.0,0.0,0.0,25.99714026
0,1.0,3.0,4.0,1.0,3.0,4.0,-99.0,-99.0,-99.0,-99.0,1.0,1.0,0.0,1.0,0.0,0.0,1.0,0.0,0.0,0.0,0.0,0.0,0.0,0.0,0.0,0.0,0.0,0.0,0.0,0.0,0.0,0.0,0.0,34.7404311579
0,1.0,3.0,4.0,1.0,3.0,4.0,12.0,9.0,-99.0,-99.0,0.0,1.0,1.0,1.0,1.0,1.0,1.0,1.0,1.0,1.0,0.0,1.0,1.0,1.0,1.0,1.0,0.0,1.0,0.0,0.0,1.0,0.0,0.0,41.7012098711
0,1.0,3.0,4.0,1.0,3.0,4.0,16.0,16.0,8.0,12.0,1.0,1.0,0.0,0.0,0.0,0.0,1.0,1.0,0.0,0.0,1.0,0.0,0.0,0.0,0.0,0.0,0.0,0.0,0.0,0.0,0.0,0.0,0.0,28.6180923632
0,1.0,3.0,4.0,1.0,3.0,4.0,-99.0,-99.0,-99.0,-99.0,1.0,1.0,1.0,0.0,1.0,0.0,1.0,1.0,0.0,0.0,0.0,0.0,0.0,0.0,0.0,0.0,0.0,0.0,0.0,0.0,0.0,0.0,0.0,31.4189321928
0,1.0,3.0,4.0,1.0,3.0,4.0,-99.0,-99.0,-99.0,-99.0,1.0,1.0,0.0,0.0,0.0,1.0,1.0,1.0,1.0,1.0,0.0,1.0,1.0,1.0,1.0,1.0,0.0,1.0,1.0,1.0,1.0,0.0,0.0,28.4963393585
0,1.0,3.0,4.0,1.0,3.0,4.0,10.0,9.0,-99.0,-99.0,1.0,1.0,0.0,1.0,1.0,1.0,1.0,1.0,1.0,1.0,0.0,1.0,1.0,1.0,0.0,0.0,1.0,0.0,1.0,1.0,0.0,1.0,1.0,33.5314364977
0,1.0,3.0,4.0,1.0,3.0,4.0,16.0,18.0,-99.0,-99.0,1.0,1.0,0.0,1.0,1.0,0.0,1.0,1.0,1.0,0.0,0.0,1.0,0.0,1.0,1.0,1.0,1.0,0.0,0.0,1.0,1.0,1.0,1.0,28.4968621229
0,1.0,3.0,4.0,1.0,3.0,4.0,-99.0,-99.0,-99.0,-99.0,1.0,1.0,1.0,1.0,0.0,1.0,1.0,0.0,0.0,1.0,0.0,0.0,0.0,1.0,1.0,0.0,0.0,0.0,0.0,1.0,0.0,0.0,0.0,36.3180322629
0,1.0,3.0,4.0,1.0,3.0,4.0,-99.0,-99.0,-99.0,-99.0,1.0,1.0,1.0,0.0,1.0,0.0,1.0,1.0,0.0,0.0,1.0,0.0,0.0,0.0,0.0,0.0,0.0,0.0,0.0,0.0,0.0,0.0,0.0,25.9974
0,1.0,3.0,4.0,1.0,3.0,4.0,-99.0,-99.0,-99.0,-99.0,1.0,1.0,0.0,0.0,0.0,1.0,1.0,1.0,1.0,1.0,1.0,1.0,1.0,1.0,1.0,1.0,0.0,1.0,1.0,1.0,1.0,0.0,0.0,26.0485429364
0,1.0,3.0,4.0,1.0,3.0,4.0,-99.0,-99.0,-99.0,-99.0,1.0,1.0,0.0,0.0,1.0,0.0,1.0,1.0,0.0,1.0,1.0,0.0,0.0,1.0,1.0,0.0,0.0,0.0,1.0,0.0,0.0,0.0,0.0,25.9974
0,0.0,8.0,5.0,0.0,8.0,5.0,-99.0,-99.0,10.0,11.0,1.0,1.0,0.0,0.0,0.0,0.0,0.0,1.0,0.0,0.0,0.0,1.0,0.0,0.0,0.0,1.0,0.0,0.0,0.0,0.0,1.0,0.0,0.0,30.1571384204
0,0.0,8.0,5.0,0.0,8.0,5.0,17.0,15.0,-99.0,-99.0,1.0,1.0,1.0,1.0,0.0,1.0,0.0,0.0,1.0,1.0,0.0,0.0,1.0,1.0,1.0,0.0,0.0,1.0,1.0,1.0,1.0,0.0,0.0,41.7664316648
0,0.0,8.0,5.0,0.0,8.0,5.0,15.0,12.0,-99.0,-99.0,0.0,1.0,1.0,1.0,1.0,1.0,1.0,1.0,1.0,1.0,1.0,1.0,1.0,1.0,1.0,1.0,0.0,1.0,0.0,1.0,1.0,0.0,0.0,26.6068397612
0,0.0,8.0,5.0,0.0,8.0,5.0,-99.0,-99.0,-99.0,-99.0,1.0,1.0,0.0,1.0,1.0,0.0,1.0,1.0,0.0,1.0,1.0,0.0,0.0,0.0,1.0,0.0,0.0,0.0,0.0,0.0,1.0,0.0,0.0,33.4754432684
0,0.0,8.0,5.0,0.0,8.0,5.0,13.0,13.0,-99.0,-99.0,1.0,1.0,0.0,0.0,0.0,1.0,0.0,1.0,1.0,1.0,0.0,1.0,0.0,1.0,1.0,1.0,1.0,0.0,0.0,1.0,1.0,1.0,1.0,16.3090679768
0,2.0,3.0,6.0,2.0,3.0,6.0,-99.0,-99.0,6.0,12.0,1.0,1.0,0.0,1.0,0.0,0.0,1.0,1.0,0.0,0.0,1.0,0.0,0.0,0.0,0.0,0.0,0.0,0.0,0.0,0.0,0.0,0.0,0.0,59.5189454524
0,2.0,3.0,6.0,2.0,3.0,6.0,11.0,10.0,-99.0,-99.0,1.0,1.0,1.0,1.0,0.0,1.0,0.0,1.0,1.0,1.0,0.0,1.0,0.0,0.0,1.0,1.0,1.0,0.0,0.0,1.0,1.0,1.0,1.0,31.5087782331
0,2.0,3.0,6.0,2.0,3.0,6.0,16.0,21.0,-99.0,-99.0,1.0,1.0,1.0,1.0,1.0,1.0,1.0,1.0,1.0,1.0,1.0,1.0,1.0,0.0,1.0,1.0,1.0,0.0,0.0,0.0,1.0,1.0,1.0,25.0891830968
0,2.0,3.0,6.0,2.0,3.0,6.0,-99.0,-99.0,-99.0,-99.0,1.0,1.0,0.0,0.0,1.0,0.0,1.0,1.0,0.0,1.0,1.0,0.0,0.0,1.0,1.0,0.0,0.0,0.0,1.0,0.0,0.0,0.0,0.0,25.994063206
0,2.0,3.0,6.0,2.0,3.0,6.0,-99.0,-99.0,-99.0,-99.0,1.0,1.0,0.0,1.0,0.0,1.0,1.0,1.0,0.0,1.0,1.0,1.0,0.0,0.0,1.0,1.0,1.0,0.0,0.0,1.0,1.0,1.0,1.0,28.9499378732
0,2.0,3.0,6.0,2.0,3.0,6.0,12.0,15.0,-99.0,-99.0,1.0,1.0,1.0,1.0,1.0,1.0,0.0,1.0,0.0,0.0,0.0,0.0,0.0,0.0,1.0,0.0,0.0,0.0,0.0,1.0,0.0,0.0,0.0,40.3805924651
0,2.0,3.0,6.0,2.0,3.0,6.0,-99.0,-99.0,-99.0,-99.0,0.0,1.0,1.0,1.0,1.0,1.0,1.0,1.0,1.0,1.0,0.0,1.0,1.0,1.0,1.0,1.0,1.0,0.0,1.0,1.0,0.0,0.0,1.0,27.5948752844
0,2.0,3.0,6.0,2.0,3.0,6.0,-99.0,-99.0,-99.0,-99.0,1.0,1.0,0.0,1.0,0.0,1.0,1.0,1.0,1.0,1.0,1.0,0.0,1.0,1.0,1.0,1.0,0.0,1.0,1.0,1.0,1.0,1.0,0.0,28.9509848525
0,2.0,3.0,6.0,2.0,3.0,6.0,-99.0,-99.0,6.0,12.0,1.0,1.0,0.0,0.0,0.0,0.0,0.0,1.0,0.0,0.0,0.0,0.0,0.0,0.0,0.0,0.0,0.0,0.0,0.0,0.0,0.0,0.0,0.0,88.8740487716
0,0.0,6.0,8.0,0.0,6.0,8.0,17.0,18.0,-99.0,-99.0,1.0,1.0,0.0,1.0,1.0,0.0,0.0,1.0,0.0,0.0,0.0,1.0,0.0,0.0,0.0,1.0,1.0,0.0,0.0,0.0,0.0,1.0,1.0,18.5640042986
0,2.0,6.0,8.0,2.0,6.0,8.0,15.0,14.0,-99.0,-99.0,1.0,1.0,0.0,1.0,1.0,1.0,1.0,0.0,1.0,1.0,1.0,0.0,1.0,1.0,1.0,1.0,1.0,1.0,1.0,1.0,1.0,1.0,1.0,30.742954
0,2.0,6.0,8.0,2.0,6.0,8.0,14.0,18.0,16.0,13.0,1.0,1.0,1.0,1.0,0.0,1.0,0.0,0.0,1.0,0.0,0.0,0.0,0.0,0.0,1.0,1.0,1.0,0.0,0.0,0.0,1.0,1.0,0.0,28.74689026
0,2.0,6.0,8.0,2.0,6.0,8.0,18.0,25.0,-99.0,-99.0,1.0,1.0,0.0,0.0,1.0,0.0,1.0,1.0,0.0,1.0,1.0,1.0,0.0,1.0,1.0,1.0,1.0,0.0,1.0,0.0,0.0,1.0,1.0,16.460691685
0,2.0,6.0,8.0,2.0,6.0,8.0,-99.0,-99.0,-99.0,-99.0,1.0,1.0,1.0,1.0,1.0,1.0,1.0,1.0,1.0,1.0,1.0,1.0,1.0,0.0,1.0,1.0,1.0,0.0,0.0,0.0,1.0,1.0,0.0,27.5062290617
0,2.0,6.0,8.0,2.0,6.0,8.0,12.0,9.0,-99.0,-99.0,0.0,1.0,1.0,0.0,1.0,0.0,0.0,1.0,1.0,1.0,0.0,1.0,1.0,1.0,1.0,1.0,1.0,1.0,1.0,0.0,1.0,0.0,0.0,27.1807338982
0,0.0,8.0,1.0,0.0,8.0,1.0,22.0,6.0,-99.0,-99.0,1.0,1.0,1.0,1.0,0.0,1.0,0.0,0.0,1.0,0.0,0.0,0.0,1.0,1.0,0.0,0.0,0.0,1.0,1.0,0.0,0.0,0.0,0.0,26.420899845
0,0.0,8.0,1.0,0.0,8.0,1.0,24.0,6.0,-99.0,-99.0,1.0,1.0,0.0,0.0,0.0,0.0,0.0,1.0,1.0,1.0,0.0,1.0,1.0,1.0,1.0,1.0,0.0,1.0,0.0,0.0,1.0,0.0,0.0,25.9030982577
0,0.0,8.0,1.0,0.0,8.0,1.0,15.0,5.0,-99.0,-99.0,1.0,1.0,0.0,0.0,0.0,0.0,0.0,0.0,0.0,0.0,0.0,0.0,0.0,0.0,0.0,0.0,0.0,0.0,0.0,0.0,0.0,0.0,0.0,154.870870538
0,0.0,8.0,1.0,0.0,8.0,1.0,-99.0,-99.0,-99.0,-99.0,0.0,1.0,1.0,1.0,1.0,1.0,1.0,1.0,1.0,1.0,0.0,1.0,1.0,1.0,1.0,1.0,1.0,1.0,1.0,1.0,0.0,0.0,1.0,40.8103203571
0,0.0,6.0,4.0,0.0,6.0,4.0,-99.0,-99.0,-99.0,-99.0,1.0,1.0,1.0,1.0,1.0,1.0,0.0,1.0,1.0,1.0,0.0,1.0,0.0,1.0,1.0,1.0,0.0,0.0,0.0,1.0,1.0,0.0,0.0,13.8071957892
0,0.0,6.0,4.0,0.0,6.0,4.0,10.0,9.0,-99.0,-99.0,1.0,1.0,0.0,1.0,1.0,1.0,1.0,1.0,1.0,1.0,1.0,1.0,1.0,1.0,1.0,0.0,1.0,0.0,1.0,1.0,0.0,1.0,1.0,26.4498983857
0,0.0,6.0,4.0,0.0,6.0,4.0,-99.0,-99.0,-99.0,-99.0,1.0,1.0,1.0,1.0,1.0,1.0,0.0,1.0,1.0,1.0,1.0,1.0,1.0,1.0,1.0,1.0,1.0,1.0,1.0,0.0,1.0,1.0,1.0,26.1961763053
0,0.0,6.0,4.0,0.0,6.0,4.0,10.0,9.0,-99.0,-99.0,1.0,1.0,1.0,1.0,1.0,1.0,1.0,1.0,1.0,1.0,1.0,0.0,1.0,1.0,1.0,0.0,0.0,1.0,1.0,0.0,0.0,0.0,0.0,25.99480026
0,0.0,6.0,4.0,0.0,6.0,4.0,12.0,13.0,-99.0,-99.0,1.0,1.0,0.0,0.0,0.0,0.0,1.0,1.0,0.0,0.0,1.0,0.0,0.0,0.0,1.0,0.0,0.0,0.0,0.0,0.0,0.0,0.0,0.0,25.99506
0,0.0,6.0,4.0,0.0,6.0,4.0,-99.0,-99.0,-99.0,-99.0,1.0,1.0,1.0,1.0,1.0,1.0,0.0,1.0,1.0,1.0,1.0,1.0,0.0,1.0,1.0,1.0,0.0,0.0,0.0,1.0,1.0,0.0,0.0,26.633775726
0,2.0,3.0,3.0,2.0,3.0,3.0,-99.0,-99.0,-99.0,-99.0,1.0,1.0,1.0,1.0,1.0,1.0,1.0,1.0,1.0,1.0,1.0,1.0,1.0,1.0,1.0,1.0,0.0,1.0,1.0,0.0,1.0,0.0,0.0,15.8197988152
0,2.0,3.0,3.0,2.0,3.0,3.0,12.0,12.0,-99.0,-99.0,1.0,1.0,1.0,1.0,1.0,1.0,0.0,1.0,0.0,0.0,0.0,1.0,0.0,0.0,0.0,1.0,0.0,0.0,0.0,0.0,1.0,0.0,0.0,15.9974
0,0.0,6.0,6.0,0.0,6.0,6.0,-99.0,-99.0,8.0,12.0,1.0,1.0,0.0,0.0,0.0,0.0,0.0,1.0,0.0,0.0,0.0,1.0,0.0,0.0,0.0,1.0,0.0,0.0,0.0,0.0,0.0,0.0,0.0,26.1944076047
0,0.0,6.0,6.0,0.0,6.0,6.0,-99.0,-99.0,-99.0,-99.0,1.0,1.0,0.0,0.0,0.0,1.0,1.0,1.0,1.0,1.0,1.0,1.0,1.0,1.0,1.0,1.0,1.0,1.0,1.0,1.0,1.0,1.0,1.0,26.1458773808
0,0.0,6.0,6.0,0.0,6.0,6.0,-99.0,-99.0,-99.0,-99.0,1.0,1.0,1.0,1.0,1.0,1.0,0.0,1.0,1.0,0.0,0.0,1.0,0.0,0.0,0.0,1.0,1.0,0.0,0.0,0.0,1.0,1.0,1.0,25.992954
0,0.0,6.0,6.0,0.0,6.0,6.0,13.0,11.0,-99.0,-99.0,1.0,1.0,1.0,1.0,0.0,1.0,1.0,0.0,1.0,1.0,1.0,0.0,0.0,1.0,1.0,1.0,0.0,0.0,0.0,0.0,1.0,0.0,0.0,27.1956654733
0,0.0,6.0,6.0,0.0,6.0,6.0,-99.0,-99.0,-99.0,-99.0,1.0,1.0,0.0,0.0,1.0,0.0,1.0,1.0,0.0,1.0,1.0,1.0,0.0,1.0,1.0,1.0,1.0,0.0,1.0,0.0,0.0,1.0,0.0,25.99506
0,0.0,6.0,6.0,0.0,6.0,6.0,-99.0,-99.0,12.0,13.0,1.0,1.0,0.0,0.0,0.0,0.0,0.0,1.0,0.0,0.0,0.0,1.0,0.0,0.0,0.0,1.0,0.0,0.0,0.0,0.0,1.0,0.0,0.0,26.4485309009
0,3.0,3.0,4.0,3.0,3.0,4.0,11.0,15.0,-99.0,-99.0,1.0,1.0,0.0,1.0,1.0,1.0,1.0,1.0,1.0,0.0,0.0,1.0,1.0,1.0,0.0,1.0,1.0,1.0,1.0,0.0,1.0,1.0,1.0,31.2609931234
0,3.0,3.0,4.0,3.0,3.0,4.0,12.0,11.0,-99.0,-99.0,1.0,1.0,1.0,1.0,0.0,1.0,1.0,1.0,1.0,1.0,1.0,0.0,0.0,1.0,1.0,1.0,0.0,0.0,1.0,1.0,1.0,0.0,0.0,25.9959502719
0,3.0,3.0,4.0,3.0,3.0,4.0,11.0,8.0,-99.0,-99.0,1.0,1.0,0.0,1.0,0.0,1.0,1.0,0.0,1.0,1.0,0.0,0.0,1.0,1.0,0.0,0.0,0.0,0.0,1.0,0.0,0.0,0.0,0.0,28.4092641313
0,3.0,3.0,4.0,3.0,3.0,4.0,18.0,20.0,-99.0,-99.0,1.0,1.0,1.0,1.0,1.0,1.0,0.0,1.0,1.0,0.0,1.0,1.0,1.0,1.0,1.0,1.0,1.0,1.0,1.0,1.0,1.0,1.0,1.0,28.4974750893
0,3.0,3.0,4.0,3.0,3.0,4.0,-99.0,-99.0,-99.0,-99.0,1.0,1.0,1.0,1.0,1.0,1.0,1.0,1.0,1.0,1.0,1.0,1.0,1.0,0.0,1.0,1.0,1.0,0.0,0.0,0.0,1.0,1.0,1.0,16.2769742612
0,3.0,3.0,4.0,3.0,3.0,4.0,12.0,9.0,-99.0,-99.0,0.0,1.0,1.0,1.0,1.0,1.0,1.0,1.0,1.0,1.0,0.0,1.0,1.0,1.0,1.0,1.0,0.0,1.0,0.0,0.0,1.0,0.0,0.0,27.8188585571
0,3.0,3.0,4.0,3.0,3.0,4.0,-99.0,-99.0,-99.0,-99.0,1.0,1.0,0.0,0.0,0.0,1.0,1.0,1.0,1.0,1.0,0.0,1.0,1.0,1.0,1.0,1.0,0.0,0.0,1.0,1.0,1.0,0.0,0.0,25.9565961506
0,3.0,3.0,4.0,3.0,3.0,4.0,-99.0,-99.0,-99.0,-99.0,1.0,1.0,0.0,1.0,1.0,1.0,1.0,1.0,1.0,1.0,1.0,0.0,1.0,1.0,0.0,0.0,0.0,1.0,1.0,0.0,0.0,0.0,0.0,29.095995623
0,3.0,3.0,4.0,3.0,3.0,4.0,-99.0,-99.0,-99.0,-99.0,1.0,1.0,0.0,1.0,0.0,0.0,1.0,0.0,0.0,0.0,1.0,0.0,0.0,0.0,0.0,0.0,0.0,0.0,0.0,0.0,0.0,0.0,0.0,31.219091494
0,3.0,3.0,4.0,3.0,3.0,4.0,-99.0,-99.0,-99.0,-99.0,1.0,1.0,0.0,1.0,0.0,0.0,1.0,0.0,0.0,0.0,0.0,0.0,0.0,0.0,0.0,0.0,0.0,0.0,0.0,0.0,0.0,0.0,0.0,28.4974
0,3.0,3.0,4.0,3.0,3.0,4.0,-99.0,-99.0,-99.0,-99.0,1.0,1.0,0.0,1.0,1.0,0.0,1.0,1.0,0.0,0.0,1.0,0.0,0.0,0.0,0.0,0.0,0.0,0.0,0.0,0.0,0.0,0.0,0.0,28.74689026
0,3.0,3.0,4.0,3.0,3.0,4.0,-99.0,-99.0,6.0,10.0,1.0,1.0,0.0,0.0,0.0,0.0,1.0,1.0,0.0,0.0,1.0,0.0,0.0,0.0,0.0,0.0,0.0,0.0,0.0,0.0,0.0,0.0,0.0,26.5755851618
0,3.0,3.0,6.0,3.0,3.0,6.0,-99.0,-99.0,-99.0,-99.0,1.0,1.0,0.0,0.0,1.0,0.0,0.0,1.0,0.0,0.0,0.0,0.0,0.0,0.0,0.0,0.0,0.0,0.0,0.0,0.0,0.0,0.0,0.0,20.742954
0,3.0,3.0,6.0,3.0,3.0,6.0,12.0,15.0,-99.0,-99.0,1.0,1.0,0.0,0.0,1.0,0.0,1.0,1.0,0.0,1.0,1.0,1.0,0.0,1.0,1.0,1.0,0.0,0.0,1.0,0.0,0.0,0.0,0.0,25.9920163386
0,3.0,3.0,6.0,3.0,3.0,6.0,-99.0,-99.0,-99.0,-99.0,1.0,1.0,1.0,1.0,1.0,1.0,1.0,1.0,1.0,1.0,1.0,1.0,1.0,1.0,1.0,0.0,1.0,1.0,0.0,0.0,0.0,1.0,1.0,15.9919769944
0,3.0,3.0,6.0,3.0,3.0,6.0,-99.0,-99.0,-99.0,-99.0,1.0,1.0,1.0,1.0,1.0,1.0,1.0,1.0,1.0,1.0,1.0,0.0,1.0,0.0,1.0,0.0,0.0,0.0,0.0,0.0,1.0,0.0,0.0,26.2209102722
0,3.0,6.0,5.0,3.0,6.0,5.0,16.0,15.0,-99.0,-99.0,0.0,1.0,1.0,1.0,1.0,1.0,1.0,1.0,1.0,1.0,0.0,1.0,1.0,1.0,1.0,1.0,1.0,1.0,1.0,1.0,0.0,0.0,1.0,25.9974
0,2.0,1.0,4.0,2.0,1.0,4.0,5.0,14.0,-99.0,-99.0,1.0,1.0,1.0,1.0,1.0,1.0,1.0,1.0,1.0,1.0,0.0,1.0,0.0,1.0,1.0,1.0,1.0,0.0,0.0,0.0,1.0,1.0,1.0,16.0683883802
0,2.0,1.0,4.0,2.0,1.0,4.0,-99.0,-99.0,-99.0,-99.0,1.0,1.0,0.0,0.0,0.0,0.0,0.0,0.0,0.0,0.0,0.0,0.0,0.0,0.0,0.0,0.0,0.0,0.0,0.0,0.0,0.0,0.0,0.0,82.5695658135
0,2.0,1.0,4.0,2.0,1.0,4.0,-99.0,-99.0,-99.0,-99.0,1.0,1.0,0.0,1.0,1.0,1.0,1.0,1.0,1.0,0.0,1.0,0.0,0.0,1.0,0.0,0.0,0.0,0.0,1.0,1.0,0.0,0.0,0.0,26.2447913367
0,2.0,1.0,4.0,2.0,1.0,4.0,6.0,15.0,-99.0,-99.0,1.0,1.0,0.0,0.0,0.0,1.0,0.0,1.0,1.0,1.0,0.0,1.0,0.0,1.0,1.0,1.0,1.0,0.0,0.0,1.0,1.0,1.0,1.0,25.9974
0,2.0,1.0,4.0,2.0,1.0,4.0,4.0,12.0,-99.0,-99.0,1.0,1.0,0.0,1.0,0.0,0.0,1.0,0.0,1.0,1.0,1.0,0.0,1.0,1.0,0.0,0.0,0.0,1.0,1.0,0.0,0.0,0.0,0.0,15.9974
0,2.0,1.0,4.0,2.0,1.0,4.0,-99.0,-99.0,-99.0,-99.0,1.0,1.0,1.0,0.0,1.0,0.0,0.0,0.0,0.0,0.0,0.0,0.0,0.0,0.0,0.0,0.0,0.0,0.0,0.0,0.0,0.0,0.0,0.0,24.6995482973
0,3.0,5.0,3.0,3.0,5.0,3.0,23.0,16.0,-99.0,-99.0,1.0,1.0,1.0,1.0,1.0,0.0,1.0,0.0,1.0,1.0,1.0,0.0,0.0,1.0,1.0,0.0,0.0,0.0,0.0,0.0,0.0,0.0,0.0,30.9695568629
0,3.0,5.0,3.0,3.0,5.0,3.0,12.0,8.0,-99.0,-99.0,1.0,1.0,1.0,1.0,1.0,1.0,0.0,1.0,1.0,1.0,1.0,1.0,1.0,1.0,1.0,1.0,0.0,1.0,1.0,1.0,1.0,0.0,0.0,25.8970570928
0,3.0,6.0,3.0,3.0,6.0,3.0,14.0,11.0,-99.0,-99.0,1.0,1.0,0.0,1.0,0.0,0.0,1.0,0.0,1.0,1.0,1.0,0.0,0.0,1.0,0.0,0.0,0.0,0.0,0.0,0.0,0.0,0.0,0.0,31.6027623875
0,3.0,6.0,3.0,3.0,6.0,3.0,20.0,12.0,-99.0,-99.0,1.0,1.0,1.0,1.0,1.0,1.0,0.0,1.0,0.0,1.0,0.0,1.0,1.0,1.0,1.0,1.0,0.0,1.0,0.0,0.0,1.0,0.0,0.0,25.9974
0,3.0,6.0,3.0,3.0,6.0,3.0,13.0,9.0,-99.0,-99.0,1.0,1.0,1.0,1.0,1.0,1.0,1.0,1.0,1.0,1.0,0.0,1.0,1.0,1.0,1.0,1.0,1.0,0.0,1.0,0.0,1.0,1.0,1.0,26.0164584218
0,3.0,6.0,3.0,3.0,6.0,3.0,-99.0,-99.0,-99.0,-99.0,1.0,1.0,1.0,1.0,1.0,1.0,1.0,1.0,0.0,1.0,1.0,0.0,0.0,1.0,1.0,0.0,0.0,0.0,0.0,1.0,0.0,0.0,0.0,25.99506
0,3.0,6.0,3.0,3.0,6.0,3.0,-99.0,-99.0,-99.0,-99.0,1.0,1.0,1.0,1.0,1.0,1.0,1.0,1.0,1.0,0.0,1.0,1.0,0.0,1.0,1.0,1.0,0.0,0.0,0.0,1.0,1.0,0.0,0.0,34.5756443927
0,3.0,6.0,3.0,3.0,6.0,3.0,14.0,10.0,-99.0,-99.0,1.0,1.0,1.0,1.0,1.0,1.0,1.0,1.0,1.0,1.0,0.0,0.0,0.0,1.0,1.0,0.0,0.0,0.0,0.0,1.0,0.0,0.0,0.0,41.0132547183
0,3.0,6.0,3.0,3.0,6.0,3.0,12.0,11.0,-99.0,-99.0,1.0,1.0,0.0,0.0,0.0,0.0,1.0,1.0,0.0,1.0,1.0,0.0,0.0,1.0,1.0,0.0,0.0,0.0,0.0,0.0,0.0,0.0,0.0,46.9681410864
0,3.0,6.0,3.0,3.0,6.0,3.0,-99.0,-99.0,-99.0,-99.0,1.0,1.0,1.0,1.0,1.0,1.0,1.0,1.0,1.0,1.0,1.0,1.0,1.0,1.0,1.0,1.0,1.0,0.0,0.0,0.0,1.0,1.0,1.0,28.4971277725
0,3.0,6.0,3.0,3.0,6.0,3.0,15.0,11.0,-99.0,-99.0,1.0,1.0,1.0,1.0,1.0,1.0,0.0,1.0,0.0,1.0,0.0,1.0,1.0,1.0,1.0,1.0,0.0,1.0,0.0,0.0,1.0,0.0,0.0,26.2914945526
0,3.0,6.0,3.0,3.0,6.0,3.0,-99.0,-99.0,11.0,7.0,1.0,1.0,0.0,0.0,0.0,0.0,0.0,1.0,0.0,0.0,0.0,1.0,0.0,1.0,1.0,1.0,0.0,0.0,0.0,0.0,1.0,0.0,0.0,28.4974
0,3.0,6.0,3.0,3.0,6.0,3.0,18.0,13.0,-99.0,-99.0,1.0,1.0,0.0,1.0,0.0,0.0,1.0,0.0,0.0,1.0,1.0,0.0,1.0,1.0,1.0,0.0,0.0,0.0,1.0,0.0,0.0,0.0,0.0,25.99714026
0,3.0,6.0,3.0,3.0,6.0,3.0,12.0,11.0,-99.0,-99.0,1.0,1.0,1.0,1.0,0.0,1.0,0.0,0.0,1.0,0.0,0.0,0.0,1.0,1.0,0.0,0.0,0.0,0.0,1.0,0.0,0.0,0.0,0.0,25.9974
0,3.0,6.0,3.0,3.0,6.0,3.0,15.0,12.0,-99.0,-99.0,1.0,1.0,1.0,1.0,1.0,1.0,0.0,1.0,1.0,1.0,1.0,1.0,1.0,1.0,1.0,1.0,1.0,1.0,1.0,1.0,1.0,1.0,1.0,27.3981320923
0,3.0,6.0,3.0,3.0,6.0,3.0,-99.0,-99.0,10.0,8.0,1.0,1.0,1.0,1.0,0.0,1.0,0.0,0.0,1.0,0.0,0.0,0.0,0.0,1.0,0.0,0.0,0.0,0.0,0.0,0.0,0.0,0.0,0.0,47.1790288706
0,3.0,6.0,3.0,3.0,6.0,3.0,-99.0,-99.0,-99.0,-99.0,1.0,1.0,1.0,1.0,1.0,0.0,1.0,0.0,1.0,1.0,1.0,0.0,1.0,1.0,1.0,0.0,0.0,1.0,1.0,0.0,0.0,0.0,0.0,26.3895387444
0,0.0,3.0,6.0,0.0,3.0,6.0,-99.0,-99.0,-99.0,-99.0,1.0,1.0,0.0,1.0,1.0,1.0,1.0,1.0,1.0,1.0,1.0,1.0,1.0,1.0,1.0,1.0,1.0,0.0,1.0,1.0,0.0,1.0,1.0,15.9964857362
0,0.0,3.0,6.0,0.0,3.0,6.0,-99.0,-99.0,-99.0,-99.0,0.0,1.0,1.0,0.0,1.0,0.0,0.0,1.0,1.0,1.0,0.0,1.0,1.0,1.0,1.0,1.0,0.0,1.0,0.0,0.0,1.0,0.0,0.0,16.6984216637
0,1.0,6.0,1.0,1.0,6.0,1.0,15.0,9.0,-99.0,-99.0,1.0,1.0,1.0,1.0,1.0,1.0,1.0,1.0,1.0,1.0,0.0,1.0,1.0,1.0,1.0,1.0,1.0,0.0,0.0,0.0,1.0,1.0,1.0,37.813317354
0,1.0,6.0,1.0,1.0,6.0,1.0,13.0,6.0,-99.0,-99.0,1.0,1.0,1.0,1.0,1.0,1.0,1.0,1.0,1.0,1.0,1.0,1.0,1.0,1.0,1.0,1.0,1.0,1.0,1.0,0.0,1.0,1.0,1.0,25.9589988879
0,1.0,6.0,1.0,1.0,6.0,1.0,12.0,7.0,-99.0,-99.0,1.0,1.0,1.0,1.0,1.0,1.0,1.0,1.0,1.0,1.0,1.0,1.0,1.0,1.0,1.0,1.0,1.0,1.0,0.0,0.0,1.0,1.0,1.0,30.74506
0,1.0,6.0,1.0,1.0,6.0,1.0,15.0,8.0,-99.0,-99.0,1.0,1.0,1.0,1.0,0.0,1.0,0.0,0.0,1.0,0.0,0.0,0.0,1.0,1.0,0.0,0.0,0.0,1.0,1.0,0.0,0.0,0.0,0.0,26.0130815682
0,1.0,6.0,1.0,1.0,6.0,1.0,15.0,7.0,-99.0,-99.0,1.0,1.0,0.0,1.0,0.0,1.0,0.0,0.0,1.0,0.0,0.0,0.0,1.0,0.0,0.0,0.0,0.0,0.0,0.0,0.0,0.0,0.0,0.0,28.4974
0,1.0,6.0,1.0,1.0,6.0,1.0,14.0,9.0,-99.0,-99.0,1.0,1.0,1.0,1.0,1.0,1.0,1.0,1.0,1.0,1.0,0.0,1.0,1.0,1.0,1.0,1.0,1.0,0.0,1.0,0.0,1.0,1.0,1.0,25.9994980254
0,1.0,6.0,1.0,1.0,6.0,1.0,12.0,8.0,-99.0,-99.0,0.0,0.0,0.0,1.0,0.0,0.0,1.0,0.0,0.0,1.0,1.0,0.0,1.0,1.0,1.0,0.0,0.0,0.0,1.0,0.0,0.0,0.0,0.0,25.9974
0,1.0,6.0,1.0,1.0,6.0,1.0,19.0,11.0,-99.0,-99.0,1.0,1.0,0.0,1.0,0.0,0.0,1.0,0.0,1.0,1.0,1.0,0.0,1.0,1.0,0.0,0.0,0.0,0.0,1.0,0.0,0.0,0.0,0.0,25.9974
0,3.0,6.0,1.0,3.0,6.0,1.0,-99.0,-99.0,-99.0,-99.0,0.0,1.0,1.0,1.0,1.0,1.0,1.0,1.0,1.0,1.0,0.0,1.0,1.0,1.0,1.0,1.0,1.0,1.0,1.0,1.0,0.0,0.0,1.0,25.99714026
0,3.0,6.0,1.0,3.0,6.0,1.0,15.0,7.0,-99.0,-99.0,1.0,1.0,0.0,0.0,0.0,0.0,0.0,1.0,0.0,1.0,0.0,1.0,1.0,1.0,1.0,1.0,0.0,1.0,1.0,0.0,1.0,0.0,0.0,25.9885447344
0,3.0,6.0,1.0,3.0,6.0,1.0,21.0,10.0,-99.0,-99.0,1.0,1.0,0.0,1.0,0.0,0.0,1.0,0.0,1.0,1.0,1.0,0.0,1.0,1.0,0.0,0.0,0.0,0.0,1.0,0.0,0.0,0.0,0.0,43.991796782
0,3.0,6.0,1.0,3.0,6.0,1.0,-99.0,-99.0,-99.0,-99.0,0.0,1.0,1.0,1.0,0.0,1.0,0.0,1.0,1.0,1.0,0.0,1.0,1.0,1.0,1.0,1.0,0.0,0.0,0.0,1.0,1.0,0.0,0.0,27.498114312
0,3.0,6.0,1.0,3.0,6.0,1.0,-99.0,-99.0,-99.0,-99.0,1.0,1.0,1.0,1.0,1.0,1.0,1.0,1.0,1.0,1.0,1.0,0.0,1.0,1.0,1.0,0.0,0.0,0.0,0.0,1.0,0.0,0.0,0.0,35.3036011437
0,3.0,6.0,1.0,3.0,6.0,1.0,-99.0,-99.0,-99.0,-99.0,1.0,1.0,0.0,0.0,0.0,0.0,0.0,1.0,1.0,1.0,0.0,1.0,1.0,1.0,1.0,1.0,1.0,0.0,1.0,0.0,1.0,0.0,1.0,41.3194503915
0,3.0,6.0,1.0,3.0,6.0,1.0,17.0,7.0,-99.0,-99.0,1.0,1.0,0.0,0.0,0.0,0.0,0.0,1.0,1.0,1.0,0.0,1.0,1.0,1.0,1.0,1.0,0.0,1.0,0.0,0.0,1.0,0.0,0.0,25.9017189291
0,3.0,6.0,1.0,3.0,6.0,1.0,-99.0,-99.0,-99.0,-99.0,0.0,1.0,1.0,1.0,1.0,1.0,1.0,1.0,1.0,1.0,0.0,1.0,1.0,1.0,1.0,1.0,1.0,0.0,1.0,1.0,0.0,0.0,1.0,28.4974
0,3.0,6.0,1.0,3.0,6.0,1.0,14.0,7.0,-99.0,-99.0,1.0,1.0,0.0,1.0,1.0,0.0,0.0,1.0,0.0,1.0,0.0,1.0,1.0,1.0,1.0,1.0,0.0,0.0,1.0,0.0,1.0,0.0,0.0,31.7336273242
0,3.0,6.0,1.0,3.0,6.0,1.0,14.0,7.0,-99.0,-99.0,1.0,1.0,1.0,1.0,0.0,1.0,0.0,0.0,1.0,0.0,0.0,0.0,1.0,1.0,0.0,0.0,0.0,1.0,1.0,0.0,0.0,0.0,0.0,25.226137292
0,3.0,6.0,1.0,3.0,6.0,1.0,15.0,7.0,-99.0,-99.0,1.0,1.0,0.0,0.0,0.0,0.0,0.0,1.0,1.0,1.0,0.0,1.0,1.0,1.0,1.0,1.0,0.0,0.0,0.0,0.0,1.0,0.0,0.0,28.4974
0,0.0,3.0,4.0,0.0,3.0,4.0,10.0,10.0,-99.0,-99.0,1.0,1.0,1.0,1.0,1.0,1.0,1.0,1.0,1.0,0.0,1.0,1.0,1.0,1.0,1.0,1.0,1.0,1.0,1.0,1.0,1.0,1.0,1.0,26.0065444252
0,0.0,3.0,4.0,0.0,3.0,4.0,-99.0,-99.0,-99.0,-99.0,1.0,1.0,0.0,1.0,1.0,1.0,1.0,1.0,1.0,1.0,1.0,0.0,1.0,1.0,0.0,0.0,0.0,1.0,1.0,0.0,0.0,0.0,0.0,25.3149222077
0,0.0,3.0,4.0,0.0,3.0,4.0,9.0,9.0,-99.0,-99.0,0.0,1.0,1.0,1.0,1.0,1.0,1.0,1.0,1.0,1.0,0.0,1.0,1.0,1.0,1.0,1.0,1.0,0.0,1.0,1.0,0.0,0.0,1.0,15.3924183297
0,0.0,3.0,4.0,0.0,3.0,4.0,-99.0,-99.0,-99.0,-99.0,1.0,1.0,1.0,1.0,1.0,0.0,1.0,0.0,0.0,0.0,0.0,0.0,0.0,0.0,0.0,0.0,0.0,0.0,0.0,0.0,0.0,0.0,0.0,25.9949092793
0,0.0,3.0,4.0,0.0,3.0,4.0,12.0,11.0,-99.0,-99.0,1.0,1.0,1.0,1.0,1.0,1.0,1.0,1.0,1.0,1.0,1.0,1.0,1.0,0.0,1.0,1.0,1.0,0.0,0.0,0.0,1.0,1.0,1.0,28.0052471721
0,2.0,8.0,4.0,2.0,8.0,4.0,-99.0,-99.0,-99.0,-99.0,1.0,1.0,1.0,1.0,1.0,1.0,1.0,1.0,1.0,1.0,1.0,1.0,0.0,0.0,1.0,1.0,0.0,0.0,0.0,1.0,1.0,1.0,0.0,65.2543256355
0,2.0,8.0,4.0,2.0,8.0,4.0,-99.0,-99.0,-99.0,-99.0,1.0,1.0,0.0,0.0,0.0,0.0,0.0,0.0,0.0,0.0,0.0,0.0,0.0,0.0,0.0,0.0,0.0,0.0,0.0,0.0,0.0,0.0,0.0,174.80511757
0,2.0,8.0,4.0,2.0,8.0,4.0,-99.0,-99.0,-99.0,-99.0,1.0,1.0,1.0,1.0,1.0,1.0,1.0,1.0,1.0,1.0,1.0,1.0,1.0,1.0,1.0,0.0,1.0,1.0,1.0,1.0,1.0,1.0,0.0,26.8959932361
0,2.0,8.0,4.0,2.0,8.0,4.0,-99.0,-99.0,10.0,9.0,1.0,1.0,0.0,1.0,0.0,0.0,1.0,0.0,0.0,1.0,0.0,0.0,0.0,0.0,1.0,0.0,0.0,0.0,0.0,1.0,0.0,0.0,0.0,30.730307861
0,2.0,8.0,4.0,2.0,8.0,4.0,24.0,15.0,-99.0,-99.0,1.0,1.0,0.0,1.0,1.0,1.0,1.0,1.0,1.0,1.0,0.0,1.0,0.0,1.0,0.0,0.0,1.0,0.0,0.0,1.0,0.0,1.0,1.0,26.9486405613
0,2.0,8.0,4.0,2.0,8.0,4.0,23.0,14.0,-99.0,-99.0,1.0,1.0,0.0,1.0,0.0,1.0,0.0,1.0,1.0,1.0,0.0,1.0,0.0,1.0,1.0,1.0,1.0,0.0,1.0,1.0,0.0,0.0,1.0,31.5280140894
0,1.0,6.0,3.0,1.0,6.0,3.0,14.0,7.0,-99.0,-99.0,1.0,1.0,1.0,1.0,0.0,1.0,0.0,0.0,1.0,1.0,0.0,0.0,1.0,1.0,1.0,0.0,0.0,1.0,1.0,1.0,0.0,0.0,0.0,17.3904755536
0,1.0,6.0,3.0,1.0,6.0,3.0,14.0,10.0,16.0,8.0,1.0,1.0,0.0,0.0,0.0,0.0,0.0,1.0,0.0,0.0,0.0,1.0,0.0,1.0,1.0,1.0,0.0,0.0,0.0,1.0,1.0,1.0,0.0,26.2164233491
0,1.0,6.0,3.0,1.0,6.0,3.0,-99.0,-99.0,11.0,7.0,1.0,1.0,1.0,1.0,0.0,1.0,0.0,0.0,1.0,0.0,0.0,0.0,0.0,1.0,0.0,0.0,0.0,0.0,1.0,0.0,0.0,0.0,0.0,29.1281973035
0,1.0,6.0,3.0,1.0,6.0,3.0,12.0,11.0,-99.0,-99.0,1.0,1.0,0.0,1.0,0.0,0.0,1.0,0.0,0.0,1.0,1.0,0.0,0.0,1.0,0.0,0.0,0.0,0.0,0.0,0.0,0.0,0.0,0.0,25.996906494
0,1.0,6.0,3.0,1.0,6.0,3.0,14.0,7.0,-99.0,-99.0,1.0,1.0,1.0,1.0,1.0,1.0,0.0,1.0,1.0,0.0,0.0,0.0,0.0,1.0,0.0,0.0,0.0,0.0,0.0,0.0,0.0,0.0,0.0,18.4974
0,1.0,6.0,3.0,1.0,6.0,3.0,-99.0,-99.0,-99.0,-99.0,1.0,1.0,0.0,1.0,1.0,1.0,0.0,0.0,1.0,1.0,0.0,0.0,1.0,1.0,0.0,0.0,0.0,1.0,1.0,0.0,0.0,0.0,0.0,30.8089116301
0,1.0,6.0,3.0,1.0,6.0,3.0,-99.0,-99.0,-99.0,-99.0,1.0,1.0,1.0,1.0,1.0,1.0,1.0,1.0,1.0,1.0,1.0,1.0,0.0,1.0,1.0,1.0,0.0,0.0,0.0,1.0,1.0,1.0,0.0,29.3454621875
0,1.0,6.0,3.0,1.0,6.0,3.0,-99.0,-99.0,-99.0,-99.0,1.0,1.0,1.0,1.0,1.0,1.0,0.0,1.0,1.0,0.0,0.0,0.0,0.0,1.0,1.0,0.0,0.0,0.0,1.0,1.0,0.0,0.0,0.0,25.9964456872
0,1.0,6.0,3.0,1.0,6.0,3.0,-99.0,-99.0,11.0,7.0,1.0,1.0,0.0,0.0,0.0,0.0,0.0,1.0,0.0,0.0,0.0,1.0,0.0,1.0,1.0,1.0,0.0,0.0,0.0,0.0,1.0,0.0,0.0,136.781577999
0,1.0,6.0,3.0,1.0,6.0,3.0,15.0,11.0,-99.0,-99.0,1.0,1.0,0.0,1.0,1.0,1.0,1.0,1.0,1.0,1.0,0.0,1.0,0.0,1.0,0.0,0.0,1.0,0.0,0.0,0.0,0.0,1.0,1.0,20.8206698011
0,3.0,5.0,7.0,3.0,5.0,7.0,-99.0,-99.0,-99.0,-99.0,1.0,1.0,0.0,1.0,1.0,1.0,1.0,0.0,1.0,1.0,1.0,1.0,1.0,1.0,1.0,1.0,1.0,1.0,1.0,1.0,1.0,1.0,1.0,26.2216885435
0,3.0,5.0,7.0,3.0,5.0,7.0,15.0,21.0,-99.0,-99.0,1.0,1.0,0.0,0.0,1.0,0.0,1.0,1.0,0.0,1.0,1.0,1.0,0.0,1.0,1.0,0.0,0.0,0.0,1.0,0.0,0.0,0.0,0.0,63.6717887287
0,3.0,5.0,7.0,3.0,5.0,7.0,-99.0,-99.0,-99.0,-99.0,1.0,1.0,0.0,0.0,1.0,0.0,1.0,1.0,0.0,1.0,1.0,1.0,0.0,1.0,1.0,1.0,1.0,0.0,1.0,0.0,0.0,1.0,0.0,26.2007637485
0,3.0,5.0,7.0,3.0,5.0,7.0,14.0,18.0,-99.0,-99.0,1.0,1.0,1.0,1.0,1.0,1.0,0.0,1.0,1.0,0.0,0.0,1.0,0.0,0.0,0.0,1.0,1.0,0.0,0.0,0.0,1.0,1.0,1.0,16.99506
0,3.0,5.0,7.0,3.0,5.0,7.0,10.0,11.0,-99.0,-99.0,1.0,1.0,1.0,1.0,1.0,1.0,1.0,1.0,1.0,1.0,1.0,1.0,1.0,1.0,1.0,1.0,0.0,1.0,1.0,0.0,1.0,0.0,0.0,25.9974
0,3.0,5.0,7.0,3.0,5.0,7.0,-99.0,-99.0,8.0,11.0,1.0,1.0,0.0,0.0,0.0,0.0,0.0,1.0,0.0,0.0,0.0,1.0,0.0,0.0,0.0,0.0,1.0,0.0,0.0,0.0,0.0,0.0,1.0,28.5220409838
0,3.0,5.0,7.0,3.0,5.0,7.0,18.0,21.0,-99.0,-99.0,1.0,1.0,0.0,0.0,1.0,0.0,0.0,1.0,0.0,0.0,0.0,1.0,0.0,0.0,0.0,1.0,0.0,0.0,0.0,0.0,1.0,0.0,0.0,25.9974
0,3.0,8.0,8.0,3.0,8.0,8.0,11.0,13.0,-99.0,-99.0,0.0,1.0,1.0,1.0,1.0,1.0,1.0,1.0,1.0,1.0,0.0,1.0,1.0,1.0,1.0,1.0,1.0,0.0,1.0,1.0,0.0,0.0,1.0,6.994826234
0,3.0,8.0,8.0,3.0,8.0,8.0,15.0,20.0,-99.0,-99.0,1.0,1.0,0.0,0.0,0.0,0.0,0.0,0.0,0.0,0.0,0.0,0.0,0.0,0.0,0.0,0.0,0.0,0.0,0.0,0.0,0.0,0.0,0.0,48.0932434758
0,3.0,5.0,5.0,3.0,5.0,5.0,14.0,14.0,-99.0,-99.0,1.0,1.0,0.0,1.0,0.0,1.0,0.0,0.0,0.0,1.0,1.0,0.0,0.0,0.0,1.0,1.0,0.0,0.0,0.0,0.0,1.0,0.0,0.0,25.9974
0,3.0,5.0,5.0,3.0,5.0,5.0,10.0,13.0,-99.0,-99.0,1.0,1.0,0.0,1.0,1.0,0.0,1.0,1.0,0.0,1.0,1.0,0.0,0.0,0.0,1.0,1.0,1.0,0.0,0.0,0.0,1.0,1.0,1.0,28.1492478704
0,3.0,5.0,5.0,3.0,5.0,5.0,-99.0,-99.0,-99.0,-99.0,1.0,1.0,1.0,1.0,1.0,1.0,0.0,1.0,1.0,0.0,1.0,1.0,0.0,0.0,0.0,1.0,1.0,0.0,0.0,0.0,1.0,1.0,1.0,28.49506
0,3.0,5.0,5.0,3.0,5.0,5.0,-99.0,-99.0,-99.0,-99.0,1.0,1.0,0.0,0.0,0.0,0.0,1.0,1.0,0.0,0.0,1.0,0.0,0.0,0.0,1.0,0.0,0.0,0.0,0.0,0.0,0.0,0.0,0.0,15.992720234
0,3.0,5.0,5.0,3.0,5.0,5.0,-99.0,-99.0,-99.0,-99.0,1.0,1.0,0.0,1.0,1.0,1.0,0.0,1.0,1.0,1.0,1.0,0.0,1.0,1.0,0.0,0.0,0.0,1.0,1.0,0.0,0.0,0.0,0.0,26.24689026
0,3.0,5.0,5.0,3.0,5.0,5.0,-99.0,-99.0,-99.0,-99.0,1.0,1.0,1.0,1.0,1.0,1.0,0.0,1.0,1.0,1.0,1.0,1.0,1.0,1.0,1.0,1.0,1.0,1.0,1.0,0.0,1.0,1.0,1.0,26.2673698238
0,3.0,5.0,5.0,3.0,5.0,5.0,8.0,10.0,-99.0,-99.0,1.0,1.0,1.0,1.0,1.0,1.0,1.0,1.0,1.0,0.0,1.0,1.0,0.0,0.0,0.0,1.0,0.0,0.0,0.0,0.0,1.0,1.0,0.0,31.4904231659
0,3.0,5.0,5.0,3.0,5.0,5.0,-99.0,-99.0,-99.0,-99.0,1.0,1.0,0.0,1.0,0.0,0.0,1.0,0.0,0.0,0.0,1.0,0.0,0.0,0.0,0.0,0.0,0.0,0.0,0.0,0.0,0.0,0.0,0.0,37.4934378137
0,3.0,5.0,5.0,3.0,5.0,5.0,16.0,20.0,-99.0,-99.0,1.0,1.0,1.0,1.0,1.0,1.0,1.0,1.0,1.0,1.0,1.0,1.0,1.0,1.0,0.0,0.0,1.0,1.0,1.0,0.0,0.0,1.0,0.0,28.49506
0,3.0,5.0,5.0,3.0,5.0,5.0,15.0,19.0,-99.0,-99.0,1.0,1.0,1.0,1.0,1.0,0.0,1.0,0.0,0.0,0.0,1.0,0.0,0.0,0.0,1.0,0.0,0.0,0.0,0.0,0.0,0.0,0.0,0.0,26.4961451816
0,3.0,5.0,5.0,3.0,5.0,5.0,13.0,13.0,-99.0,-99.0,0.0,1.0,1.0,1.0,1.0,1.0,1.0,1.0,1.0,1.0,1.0,1.0,1.0,1.0,1.0,1.0,0.0,1.0,0.0,1.0,1.0,0.0,0.0,25.9920114529
0,3.0,5.0,5.0,3.0,5.0,5.0,-99.0,-99.0,-99.0,-99.0,1.0,1.0,0.0,0.0,0.0,0.0,1.0,1.0,0.0,0.0,1.0,0.0,0.0,0.0,0.0,0.0,0.0,0.0,0.0,0.0,0.0,0.0,0.0,30.74506
